Sample_ID,EB_Source_type,GPT_Source_type,Prompt
SAMN01816118,Bovine,Meat,"Given the ncbi biosample information. Sample ID:SAMN01816118,collected_by:CVM,isolation_source:ground beef,attribute_package:environmental/food/other,ontological term:ground beef food product:FOODON_00001282,source_type:food. Assign the record to one of the following host categories: Plant,Rodent,Other Mammal,Primate,Composite Food,Deer,Marine Mammal,Shellfish,Dairy,Water,Bovine,Meat,Feline,Human,Laborator y,Amphibian,Air,Animal Feed,Canine,Equine,Camelid,Marsupial,Bat,Avian,Invertebrates,Not determined,Reptile,Soil/Dust,Fish,Ovine,Swine. Only reply with the category"
SAMN02253056,Plant,Plant,"Given the ncbi biosample information. Sample ID:SAMN02253056,collected_by:FL,iso lation_source:cilantro,attribute_package:environmental/food/other,ontological term:coriander plant:FOODON_03411381,IFSAC+ Category:herbs,source_type:food. Assign the record to one of the following host categories: Fish,Marine Mammal,Shellfish,Canine,Feline,Air,Plant,Soil/Dust,Water,Animal Feed,Meat,Composite Food,Dairy,Fish,Meat,Shellfish,Human,Laboratory,Bovine,Camel id,Equine,Ovine,Swine,Avian,Amphibian,Avian,Bat,Bovine,Camelid,Canine,Deer,Equin e,Feline,Invertebrates,Marsupial,Other Mammal,Ovine,Primate,Reptile,Rodent,Swine,Not determined. Only reply with the category"
SAMN02367660,Human,Human,"Given the ncbi biosample information. Sample ID:SAMN02367660,collected_by:FDA,isolation_source:human,host:Homo sapiens,culture_collection:SGSC:2199. Assign the record to one of the following host categories: Fish,Marine Mammal,Shellfish,Canine,Feline,Air,Plant,Soil/Dust,Water,Animal Feed,Meat,Composite Food,Dairy,Fish,Meat,Shellfish,Human,Laboratory,Bovine,Camel id,Equine,Ovine,Swine,Avian,Amphibian,Avian,Bat,Bovine,Camelid,Canine,Deer,Equin e,Feline,Invertebrates,Marsupial,Other Mammal,Ovine,Primate,Reptile,Rodent,Swine,Not determined. Only reply with the category"
SAMN02846850,Plant,Plant,"Given the ncbi biosample information. Sample ID:SAMN02846850,collected_by:FDA,isolation_source:fresh small hot pepper,attribute_package:environmental/food/other,ontological term:hot pepper food product:FOODON_00001956|food fresh:FOODON_00002457,IFSAC+ Category:seeded vegetables (solanaceous),source_type:food. Assign the record to one of the following host categories: Plant,Rodent,Other Mammal,Primate,Composite Food,Deer,Marine Mammal,Shellfish,Dairy,Water,Bovine,Meat,Feline,Human,Laborator y,Amphibian,Air,Animal Feed,Canine,Equine,Camelid,Marsupial,Bat,Avian,Invertebrates,Not determined,Reptile,Soil/Dust,Fish,Ovine,Swine. Only reply with the category"
SAMN02908693,Poultry,Meat,"Given the ncbi biosample information. Sample ID:SAMN02908693,isolation_source:ground turkey. Assign the record to one of the following host categories: Plant,Rodent,Other Mammal,Primate,Composite Food,Deer,Marine Mammal,Shellfish,Dairy,Water,Bovine,Meat,Feline,Human,Laborator y,Amphibian,Air,Animal Feed,Canine,Equine,Camelid,Marsupial,Bat,Avian,Invertebrates,Not determined,Reptile,Soil/Dust,Fish,Ovine,Swine. Only reply with the category"
SAMN02918889,ND/Others,Animal Feed,"Given the ncbi biosample information. Sample ID:SAMN02918889,collected_by:FDA,isolation_source:pet food raw,attribute_package:environmental/food/other,ontological term:pet food (raw):GENEPIO_0001057,IFSAC+ Category:animal feed,source_type:Animal feed. Assign the record to one of the following host categories: Plant,Rodent,Other Mammal,Primate,Composite Food,Deer,Marine Mammal,Shellfish,Dairy,Water,Bovine,Me at,Feline,Human,Laboratory,Amphibian,Air,Animal Feed,Canine,Equine,Camelid,Marsupial,Bat,Avian,Invertebrates,Not determined,Reptile,Soil/Dust,Fish,Ovine,Swine. Only reply with the category"
SAMN03166000,Human,Human,"Given the ncbi biosample information. Sample ID:SAMN03166000,collected_by:PHE,isolation_source:human,host:Homo sapiens. Assign the record to one of the following host categories: Plant,Rodent,Other Mammal,Primate,Composite Food,Deer,Marine Mammal,Shellfish,Dairy,Water,Bovine,Me at,Feline,Human,Laboratory,Amphibian,Air,Animal Feed,Canine,Equine,Camelid,Marsupial,Bat,Avian,Invertebrates,Not determined,Reptile,Soil/Dust,Fish,Ovine,Swine. Only reply with the category"
SAMN03168568,Human,Human,"Given the ncbi biosample information. Sample ID:SAMN03168568,collected_by:PHE,isolation_source:human,host:Homo sapiens. Assign the record to one of the following host categories: Fish,Marine Mammal,Shellfish,Canine,Feline,Air,Plant,Soil/Dust,Water,Animal Feed,Meat,Composite Food,Dairy,Fish,Meat,Shellfish,Human,Laboratory,Bovine,Camel id,Equine,Ovine,Swine,Avian,Amphibian,Avian,Bat,Bovine,Camelid,Canine,Deer,Equin e,Feline,Invertebrates,Marsupial,Other Mammal,Ovine,Primate,Reptile,Rodent,Swine,Not determined. Only reply with the category"
SAMN03199707,Bovine,Meat,"Given the ncbi biosample information. Sample ID:SAMN03199707,collected_by:FDA Contracted Laboratory,isolation_source:beef,attribute_package:environmental/food /other,ontological term:beef food product:FOODON_00001041,IFSAC+ Category:beef,source_type:food. Assign the record to one of the following host categories: Plant,Rodent,Other Mammal,Primate,Composite Food,Deer,Marine Mammal, Shellfish,Dairy,Water,Bovine,Meat,Feline,Human,Laboratory,Amphibian,Air,Animal Feed,Canine,Equine,Camelid,Marsupial,Bat,Avian,Invertebrates,Not determined,Reptile,Soil/Dust,Fish,Ovine,Swine. Only reply with the category"
SAMN03291550,Poultry,Chicken falls under the category of Meat.,"Given the ncbi biosample information. Sample ID:SAMN03291550,collected_by:FDA,isolation_source:chicken breast,attribute_package:environmental/food/other,ontological term:chicken breast:FOODON_00002703,IFSAC+ Category:chicken,source_type:food. Assign the record to one of the following host categories: Fish,Marine Mammal,Shellfish,Canine,Feline,Air,Plant,Soil/Dust,Water,Animal Feed,Meat,Composite Food,Dairy,Fish,Meat,Shellfish,Human,Laboratory,Bovine,Camel id,Equine,Ovine,Swine,Avian,Amphibian,Avian,Bat,Bovine,Camelid,Canine,Deer,Equin e,Feline,Invertebrates,Marsupial,Other Mammal,Ovine,Primate,Reptile,Rodent,Swine,Not determined. Only reply with the category"
SAMN03463938,Water/River,Water,"Given the ncbi biosample information. Sample ID:SAMN03463938,collected_by:FDA,isolation_source:water,ontological term:water:CHEBI_15377,IFSAC+ Category:environmental- water,source_type:environmental. Assign the record to one of the following host categories: Fish,Marine Mammal,Shellfish,Canine,Feline,Air,Plant,Soil/Dust,Water,Animal Feed,Meat,Composite Food,Dairy,Fish,Meat,Shellfish,Human,Laboratory,Bovine,Camel id,Equine,Ovine,Swine,Avian,Amphibian,Avian,Bat,Bovine,Camelid,Canine,Deer,Equin e,Feline,Invertebrates,Marsupial,Other Mammal,Ovine,Primate,Reptile,Rodent,Swine,Not determined. Only reply with the category"
SAMN03475434,Human,Human,"Given the ncbi biosample information. Sample ID:SAMN03475434,collected_by:PHE,isolation_source:human,host:Homo sapiens. Assign the record to one of the following host categories: Plant,Rodent,Other Mammal,Primate,Composite Food,Deer,Marine Mammal,Shellfish,Dairy,Water,Bovine,Me at,Feline,Human,Laboratory,Amphibian,Air,Animal Feed,Canine,Equine,Camelid,Marsupial,Bat,Avian,Invertebrates,Not determined,Reptile,Soil/Dust,Fish,Ovine,Swine. Only reply with the category"
SAMN03476179,Human,Human,"Given the ncbi biosample information. Sample ID:SAMN03476179,collected_by:PHE,isolation_source:human,host:Homo sapiens. Assign the record to one of the following host categories: Plant,Rodent,Other Mammal,Primate,Composite Food,Deer,Marine Mammal,Shellfish,Dairy,Water,Bovine,Me at,Feline,Human,Laboratory,Amphibian,Air,Animal Feed,Canine,Equine,Camelid,Marsupial,Bat,Avian,Invertebrates,Not determined,Reptile,Soil/Dust,Fish,Ovine,Swine. Only reply with the category"
SAMN03476482,Human,Human,"Given the ncbi biosample information. Sample ID:SAMN03476482,collected_by:PHE,isolation_source:human,host:Homo sapiens. Assign the record to one of the following host categories: Fish,Marine Mammal,Shellfish,Canine,Feline,Air,Plant,Soil/Dust,Water,Animal Feed,Meat,Composite Food,Dairy,Fish,Meat,Shellfish,Human,Laboratory,Bovine,Camel id,Equine,Ovine,Swine,Avian,Amphibian,Avian,Bat,Bovine,Camelid,Canine,Deer,Equin e,Feline,Invertebrates,Marsupial,Other Mammal,Ovine,Primate,Reptile,Rodent,Swine,Not determined. Only reply with the category"
SAMN03492318,Human,Not determined,"Given the ncbi biosample information. Sample ID:SAMN03492318,collected_by:CDC,isolation_source:stool,host_age:20-29. Assign the record to one of the following host categories: Fish,Marine Mammal,Shellfish,Canine,Feline,Air,Plant,Soil/Dust,Water,Animal Feed,Meat,Composite Food,Dairy,Fish,Meat,Shellfish,Human,Laboratory,Bovine,Camel id,Equine,Ovine,Swine,Avian,Amphibian,Avian,Bat,Bovine,Camelid,Canine,Deer,Equin e,Feline,Invertebrates,Marsupial,Other Mammal,Ovine,Primate,Reptile,Rodent,Swine,Not determined. Only reply with the category"
SAMN03577367,Poultry,Poultry,"Given the ncbi biosample information. Sample ID:SAMN03577367,collected_by:Addis Ababa University,isolation_source:feces poultry,ontological term:feces:UBERON_0001988, poultry meat food product:FOODON_00001131,IFSAC+ Category:veterinary clinical/research| poultry,source_type:animal,host:Poultry. Assign the record to one of the following host categories: Plant,Rodent,Other Mammal,Primate,Composite Food,Deer,Marine Mammal,Shellfish,Dairy,Water,Bovine,Me at,Feline,Human,Laboratory,Amphibian,Air,Animal Feed,Canine,Equine,Camelid,Marsupial,Bat,Avian,Invertebrates,Not determined,Reptile,Soil/Dust,Fish,Ovine,Swine. Only reply with the category"
SAMN03732340,Human,Human,"Given the ncbi biosample information. Sample ID:SAMN03732340,collected_by:NYSDOH ,isolation_source:stool,attribute_package:clinical/host-associated,ontological term:feces:uberon_0001988,IFSAC+ Category:clinical/research| human,source_type:human,host:Homo sapiens. Assign the record to one of the following host categories: Fish,Marine Mammal,Shellfish,Canine,Feline,Air,Plant,Soil/Dust,Water,Animal Feed,Meat,Composite Food,Dairy,Fish,Meat,Shellfish,Human,Laboratory,Bovine,Camel id,Equine,Ovine,Swine,Avian,Amphibian,Avian,Bat,Bovine,Camelid,Canine,Deer,Equin e,Feline,Invertebrates,Marsupial,Other Mammal,Ovine,Primate,Reptile,Rodent,Swine,Not determined. Only reply with the category"
SAMN03842413,Poultry,Avian,"Given the ncbi biosample information. Sample ID:SAMN03842413,collected_by:FDA,isolation_source:chicken breast,attribute_package:environmental/food/other,ontological term:chicken breast:FOODON_00002703,IFSAC+ Category:chicken,source_type:food,package:environmental/food/other. Assign the record to one of the following host categories: Plant,Rodent,Other Mammal,Primate,Composite Food,Deer,Marine Mammal,Shellfish,Dairy,Water,Bovine,Me at,Feline,Human,Laboratory,Amphibian,Air,Animal Feed,Canine,Equine,Camelid,Marsupial,Bat,Avian,Invertebrates,Not determined,Reptile,Soil/Dust,Fish,Ovine,Swine. Only reply with the category"
SAMN03861843,Water/River,Water,"Given the ncbi biosample information. Sample ID:SAMN03861843,isolation_source:wa ter,attribute_package:environmental/food/other,ontological term:water:chebi_15377,IFSAC+ Category:environmental- water,source_type:environmental. Assign the record to one of the following host categories: Fish,Marine Mammal,Shellfish,Canine,Feline,Air,Plant,Soil/Dust,Water,Animal Feed,Meat,Composite Food,Dairy,Fish,Meat,Shellfish,Human,Laboratory,Bovine,Camel id,Equine,Ovine,Swine,Avian,Amphibian,Avian,Bat,Bovine,Camelid,Canine,Deer,Equin e,Feline,Invertebrates,Marsupial,Other Mammal,Ovine,Primate,Reptile,Rodent,Swine,Not determined. Only reply with the category"
SAMN03959431,Water/River,Water,"Given the ncbi biosample information. Sample ID:SAMN03959431,collected_by:FLUFL,isolation_source:river water,ontological term:river water:ENVO_01000599,IFSAC+ Category:environmental- water,source_type:environmental. Assign the record to one of the following host categories: Fish,Marine Mammal,Shellfish,Canine,Feline,Air,Plant,Soil/Dust,Water,Animal Feed,Meat,Composite Food,Dairy,Fish,Meat,Shellfish,Human,Laboratory,Bovine,Camel id,Equine,Ovine,Swine,Avian,Amphibian,Avian,Bat,Bovine,Camelid,Canine,Deer,Equin e,Feline,Invertebrates,Marsupial,Other Mammal,Ovine,Primate,Reptile,Rodent,Swine,Not determined. Only reply with the category"
SAMN03959506,Water/River,Water,"Given the ncbi biosample information. Sample ID:SAMN03959506,collected_by:FLUFL,isolation_source:river water,ontological term:river water:ENVO_01000599,IFSAC+ Category:environmental- water,source_type:environmental. Assign the record to one of the following host categories: Fish,Marine Mammal,Shellfish,Canine,Feline,Air,Plant,Soil/Dust,Water,Animal Feed,Meat,Composite Food,Dairy,Fish,Meat,Shellfish,Human,Laboratory,Bovine,Camel id,Equine,Ovine,Swine,Avian,Amphibian,Avian,Bat,Bovine,Camelid,Canine,Deer,Equin e,Feline,Invertebrates,Marsupial,Other Mammal,Ovine,Primate,Reptile,Rodent,Swine,Not determined. Only reply with the category"
SAMN04046622,Human,Human,"Given the ncbi biosample information. Sample ID:SAMN04046622,collected_by:FDA,isolation_source:clinical,host:Homo sapiens,host_disease:salmonellosis. Assign the record to one of the following host categories: Fish,Marine Mammal,Shellfish,Canine,Feline,Air,Plant,Soil/Dust,Water,Animal Feed,Meat,Composite Food,Dairy,Fish,Meat,Shellfish,Human,Laboratory,Bovine,Camel id,Equine,Ovine,Swine,Avian,Amphibian,Avian,Bat,Bovine,Camelid,Canine,Deer,Equin e,Feline,Invertebrates,Marsupial,Other Mammal,Ovine,Primate,Reptile,Rodent,Swine,Not determined. Only reply with the category"
SAMN04363067,Human,Human,"Given the ncbi biosample information. Sample ID:SAMN04363067,collected_by:PHE,isolation_source:human,host:Homo sapiens. Assign the record to one of the following host categories: Plant,Rodent,Other Mammal,Primate,Composite Food,Deer,Marine Mammal,Shellfish,Dairy,Water,Bovine,Me at,Feline,Human,Laboratory,Amphibian,Air,Animal Feed,Canine,Equine,Camelid,Marsupial,Bat,Avian,Invertebrates,Not determined,Reptile,Soil/Dust,Fish,Ovine,Swine. Only reply with the category"
SAMN04388325,Swine,Meat,"Given the ncbi biosample information. Sample ID:SAMN04388325,collected_by:Minnesota Department of Health,isolation_source:liv er,attribute_package:environmental/food/other,ontological term:liver:UBERON_0002107,IFSAC+ Category:meat,source_type:food. Assign the record to one of the following host categories: Plant,Rodent,Other Mammal,Primate,Composite Food,Deer,Marine Mammal,Shellfish,Dairy,Water,Bovine,Me at,Feline,Human,Laboratory,Amphibian,Air,Animal Feed,Canine,Equine,Camelid,Marsupial,Bat,Avian,Invertebrates,Not determined,Reptile,Soil/Dust,Fish,Ovine,Swine. Only reply with the category"
SAMN04572721,Plant,Composite Food,"Given the ncbi biosample information. Sample ID:SAMN04572721,collected_by:FDA Contracted Laboratory,isolation_source:spinach,attribute_package:environmental/f ood/other,ontological term:spinach (whole, raw):FOODON_03301716,IFSAC+ Category:vegetable row crops (leafy),source_type:food. Assign the record to one of the following host categories: Plant,Rodent,Other Mammal,Primate,Composite Food,Deer,Marine Mammal,Shellfish,Dairy,Water,Bovine,Meat,Feline,Human,Laborator y,Amphibian,Air,Animal Feed,Canine,Equine,Camelid,Marsupial,Bat,Avian,Invertebrates,Not determined,Reptile,Soil/Dust,Fish,Ovine,Swine. Only reply with the category"
SAMN04576604,Poultry,Avian,"Given the ncbi biosample information. Sample ID:SAMN04576604,collected_by:FDA,isolation_source:chicken breast. Assign the record to one of the following host categories: Plant,Rodent,Other Mammal,Primate,Composite Food,Deer,Marine Mammal,Shellfish,Dairy,Water,Bovine,Me at,Feline,Human,Laboratory,Amphibian,Air,Animal Feed,Canine,Equine,Camelid,Marsupial,Bat,Avian,Invertebrates,Not determined,Reptile,Soil/Dust,Fish,Ovine,Swine. Only reply with the category"
SAMN05163297,Human,Not determined,"Given the ncbi biosample information. Sample ID:SAMN05163297,collected_by:CDC,isolation_source:stool,host_age:10-19. Assign the record to one of the following host categories: Fish,Marine Mammal,Shellfish,Canine,Feline,Air,Plant,Soil/Dust,Water,Animal Feed,Meat,Composite Food,Dairy,Fish,Meat,Shellfish,Human,Laboratory,Bovine,Camel id,Equine,Ovine,Swine,Avian,Amphibian,Avian,Bat,Bovine,Camelid,Canine,Deer,Equin e,Feline,Invertebrates,Marsupial,Other Mammal,Ovine,Primate,Reptile,Rodent,Swine,Not determined. Only reply with the category"
SAMN05163608,Human,Not determined,"Given the ncbi biosample information. Sample ID:SAMN05163608,collected_by:CDC,isolation_source:urine,host_age:10-19. Assign the record to one of the following host categories: Fish,Marine Mammal,Shellfish,Canine,Feline,Air,Plant,Soil/Dust,Water,Animal Feed,Meat,Composite Food,Dairy,Fish,Meat,Shellfish,Human,Laboratory,Bovine,Camel id,Equine,Ovine,Swine,Avian,Amphibian,Avian,Bat,Bovine,Camelid,Canine,Deer,Equin e,Feline,Invertebrates,Marsupial,Other Mammal,Ovine,Primate,Reptile,Rodent,Swine,Not determined. Only reply with the category"
SAMN05195926,Water/River,Water,"Given the ncbi biosample information. Sample ID:SAMN05195926,collected_by:Emory University/FDA CFSAN,isolation_source:pond,attribute_package:environmental/food/ other,ontological term:pond:envo_00000033,IFSAC+ Category:environmental- water,source_type:environmental. Assign the record to one of the following host categories: Fish,Marine Mammal,Shellfish,Canine,Feline,Air,Plant,Soil/Dust,Water,Animal Feed,Meat,Composite Food,Dairy,Fish,Meat,Shellfish,Human,Laboratory,Bovine,Camel id,Equine,Ovine,Swine,Avian,Amphibian,Avian,Bat,Bovine,Camelid,Canine,Deer,Equin e,Feline,Invertebrates,Marsupial,Other Mammal,Ovine,Primate,Reptile,Rodent,Swine,Not determined. Only reply with the category"
SAMN05201562,Poultry,Avian,"Given the ncbi biosample information. Sample ID:SAMN05201562,collected_by:FDA,isolation_source:chicken breast. Assign the record to one of the following host categories: Fish,Marine Mammal,Shellfish,Canine,Feline,Air,Plant,Soil/Dust,Water,Animal Feed,Meat,Composite Food,Dairy,Fish,Meat,Shellfish,Human,Laboratory,Bovine,Camel id,Equine,Ovine,Swine,Avian,Amphibian,Avian,Bat,Bovine,Camelid,Canine,Deer,Equin e,Feline,Invertebrates,Marsupial,Other Mammal,Ovine,Primate,Reptile,Rodent,Swine,Not determined. Only reply with the category"
SAMN05714015,Human,Not determined,"Given the ncbi biosample information. Sample ID:SAMN05714015,collected_by:CDC,isolation_source:stool,host_age:5-9. Assign the record to one of the following host categories: Fish,Marine Mammal,Shellfish,Canine,Feline,Air,Plant,Soil/Dust,Water,Animal Feed,Meat,Composite Food,Dairy,Fish,Meat,Shellfish,Human,Laboratory,Bovine,Camel id,Equine,Ovine,Swine,Avian,Amphibian,Avian,Bat,Bovine,Camelid,Canine,Deer,Equin e,Feline,Invertebrates,Marsupial,Other Mammal,Ovine,Primate,Reptile,Rodent,Swine,Not determined. Only reply with the category"
SAMN05803872,Soil/Dust,Soil/Dust,"Given the ncbi biosample information. Sample ID:SAMN05803872,collected_by:Nova,i solation_source:soil,attribute_package:environmental/food/other,ontological term:soil:ENVO_00001998,IFSAC+ Category:environmental,source_type:environmental. Assign the record to one of the following host categories: Plant,Rodent,Other Mammal,Primate,Composite Food,Deer,Marine Mammal,Shellfish,Dairy,Water,Bovine,Me at,Feline,Human,Laboratory,Amphibian,Air,Animal Feed,Canine,Equine,Camelid,Marsupial,Bat,Avian,Invertebrates,Not determined,Reptile,Soil/Dust,Fish,Ovine,Swine. Only reply with the category"
SAMN05907721,Human,Not determined,"Given the ncbi biosample information. Sample ID:SAMN05907721,collected_by:CDC,isolation_source:stool,host_age:10-19. Assign the record to one of the following host categories: Fish,Marine Mammal,Shellfish,Canine,Feline,Air,Plant,Soil/Dust,Water,Animal Feed,Meat,Composite Food,Dairy,Fish,Meat,Shellfish,Human,Laboratory,Bovine,Camel id,Equine,Ovine,Swine,Avian,Amphibian,Avian,Bat,Bovine,Camelid,Canine,Deer,Equin e,Feline,Invertebrates,Marsupial,Other Mammal,Ovine,Primate,Reptile,Rodent,Swine,Not determined. Only reply with the category"
SAMN05928271,Swine,Swine,"Given the ncbi biosample information. Sample ID:SAMN05928271,collected_by:USDA- FSIS,isolation_source:animal-swine-market swine. Assign the record to one of the following host categories: Plant,Rodent,Other Mammal,Primate,Composite Food,Deer,Marine Mammal,Shellfish,Dairy,Water,Bovine,Meat,Feline,Human,Laborator y,Amphibian,Air,Animal Feed,Canine,Equine,Camelid,Marsupial,Bat,Avian,Invertebrates,Not determined,Reptile,Soil/Dust,Fish,Ovine,Swine. Only reply with the category"
SAMN06135425,Human,Not determined,"Given the ncbi biosample information. Sample ID:SAMN06135425,collected_by:CDC,isolation_source:stool,host_age:0-4. Assign the record to one of the following host categories: Fish,Marine Mammal,Shellfish,Canine,Feline,Air,Plant,Soil/Dust,Water,Animal Feed,Meat,Composite Food,Dairy,Fish,Meat,Shellfish,Human,Laboratory,Bovine,Camel id,Equine,Ovine,Swine,Avian,Amphibian,Avian,Bat,Bovine,Camelid,Canine,Deer,Equin e,Feline,Invertebrates,Marsupial,Other Mammal,Ovine,Primate,Reptile,Rodent,Swine,Not determined. Only reply with the category"
SAMN06564159,Human,Not determined,"Given the ncbi biosample information. Sample ID:SAMN06564159,isolation_source:stool,host_age:10-19. Assign the record to one of the following host categories: Plant,Rodent,Other Mammal,Primate,Composite Food,Deer,Marine Mammal,Shellfish,Dairy,Water,Bovine,Meat,Feline,Human,Laborator y,Amphibian,Air,Animal Feed,Canine,Equine,Camelid,Marsupial,Bat,Avian,Invertebrates,Not determined,Reptile,Soil/Dust,Fish,Ovine,Swine. Only reply with the category"
SAMN06672014,Human,Not determined,"Given the ncbi biosample information. Sample ID:SAMN06672014,isolation_source:stool,host_age:0-4. Assign the record to one of the following host categories: Fish,Marine Mammal,Shellfish,Canine,Feline,Air,Plant,Soil/Dust,Water,Animal Feed,Meat,Composite Food,Dairy,Fish,Meat,Shellfish,Human,Laboratory,Bovine,Camel id,Equine,Ovine,Swine,Avian,Amphibian,Avian,Bat,Bovine,Camelid,Canine,Deer,Equin e,Feline,Invertebrates,Marsupial,Other Mammal,Ovine,Primate,Reptile,Rodent,Swine,Not determined. Only reply with the category"
SAMN06680548,Human,Human,"Given the ncbi biosample information. Sample ID:SAMN06680548,collected_by:PHE,isolation_source:human,host:Homo sapiens. Assign the record to one of the following host categories: Fish,Marine Mammal,Shellfish,Canine,Feline,Air,Plant,Soil/Dust,Water,Animal Feed,Meat,Composite Food,Dairy,Fish,Meat,Shellfish,Human,Laboratory,Bovine,Camel id,Equine,Ovine,Swine,Avian,Amphibian,Avian,Bat,Bovine,Camelid,Canine,Deer,Equin e,Feline,Invertebrates,Marsupial,Other Mammal,Ovine,Primate,Reptile,Rodent,Swine,Not determined. Only reply with the category"
SAMN06732531,Human,Not determined,"Given the ncbi biosample information. Sample ID:SAMN06732531,isolation_source:stool,host_age:60-69. Assign the record to one of the following host categories: Fish,Marine Mammal,Shellfish,Canine,Feline,Air,Plant,Soil/Dust,Water,Animal Feed,Meat,Composite Food,Dairy,Fish,Meat,Shellfish,Human,Laboratory,Bovine,Camel id,Equine,Ovine,Swine,Avian,Amphibian,Avian,Bat,Bovine,Camelid,Canine,Deer,Equin e,Feline,Invertebrates,Marsupial,Other Mammal,Ovine,Primate,Reptile,Rodent,Swine,Not determined. Only reply with the category"
SAMN07152477,Human,Human,"Given the ncbi biosample information. Sample ID:SAMN07152477,collected_by:PHE,isolation_source:human,host:Homo sapiens. Assign the record to one of the following host categories: Plant,Rodent,Other Mammal,Primate,Composite Food,Deer,Marine Mammal,Shellfish,Dairy,Water,Bovine,Me at,Feline,Human,Laboratory,Amphibian,Air,Animal Feed,Canine,Equine,Camelid,Marsupial,Bat,Avian,Invertebrates,Not determined,Reptile,Soil/Dust,Fish,Ovine,Swine. Only reply with the category"
SAMN07291076,Poultry,Avian,"Given the ncbi biosample information. Sample ID:SAMN07291076,collected_by:USDA- FSIS,isolation_source:animal-chicken-young chicken. Assign the record to one of the following host categories: Fish,Marine Mammal,Shellfish,Canine,Feline,Air,Plant,Soil/Dust,Water,Animal Feed,Meat,Composite Food,Dairy,Fish,Meat,Shellfish,Human,Laboratory,Bovine,Camel id,Equine,Ovine,Swine,Avian,Amphibian,Avian,Bat,Bovine,Camelid,Canine,Deer,Equin e,Feline,Invertebrates,Marsupial,Other Mammal,Ovine,Primate,Reptile,Rodent,Swine,Not determined. Only reply with the category"
SAMN07410857,Poultry,Avian,"Given the ncbi biosample information. Sample ID:SAMN07410857,collected_by:USDA- FSIS,isolation_source:comminuted chicken. Assign the record to one of the following host categories: Fish,Marine Mammal,Shellfish,Canine,Feline,Air,Plant,Soil/Dust,Water,Animal Feed,Meat,Composite Food,Dairy,Fish,Meat,Shellfish,Human,Laboratory,Bovine,Camel id,Equine,Ovine,Swine,Avian,Amphibian,Avian,Bat,Bovine,Camelid,Canine,Deer,Equin e,Feline,Invertebrates,Marsupial,Other Mammal,Ovine,Primate,Reptile,Rodent,Swine,Not determined. Only reply with the category"
SAMN07498657,Human,Not determined,"Given the ncbi biosample information. Sample ID:SAMN07498657,isolation_source:stool,host_age:0-4. Assign the record to one of the following host categories: Plant,Rodent,Other Mammal,Primate,Composite Food,Deer,Marine Mammal,Shellfish,Dairy,Water,Bovine,Meat,Feline,Human,Laborator y,Amphibian,Air,Animal Feed,Canine,Equine,Camelid,Marsupial,Bat,Avian,Invertebrates,Not determined,Reptile,Soil/Dust,Fish,Ovine,Swine. Only reply with the category"
SAMN07569017,Human,Human,"Given the ncbi biosample information. Sample ID:SAMN07569017,collected_by:PHE,isolation_source:human,host:Homo sapiens. Assign the record to one of the following host categories: Fish,Marine Mammal,Shellfish,Canine,Feline,Air,Plant,Soil/Dust,Water,Animal Feed,Meat,Composite Food,Dairy,Fish,Meat,Shellfish,Human,Laboratory,Bovine,Camel id,Equine,Ovine,Swine,Avian,Amphibian,Avian,Bat,Bovine,Camelid,Canine,Deer,Equin e,Feline,Invertebrates,Marsupial,Other Mammal,Ovine,Primate,Reptile,Rodent,Swine,Not determined. Only reply with the category"
SAMN07665785,Swine,Swine,"Given the ncbi biosample information. Sample ID:SAMN07665785,collected_by:USDA- FSIS,isolation_source:animal-swine-market swine. Assign the record to one of the following host categories: Fish,Marine Mammal,Shellfish,Canine,Feline,Air,Plant,Soil/Dust,Water,Animal Feed,Meat,Composite Food,Dairy,Fish,Meat,Shellfish,Human,Laboratory,Bovine,Camel id,Equine,Ovine,Swine,Avian,Amphibian,Avian,Bat,Bovine,Camelid,Canine,Deer,Equin e,Feline,Invertebrates,Marsupial,Other Mammal,Ovine,Primate,Reptile,Rodent,Swine,Not determined. Only reply with the category"
SAMN07690326,Human,Human,"Given the ncbi biosample information. Sample ID:SAMN07690326,collected_by:PHE,isolation_source:human,host:Homo sapiens. Assign the record to one of the following host categories: Plant,Rodent,Other Mammal,Primate,Composite Food,Deer,Marine Mammal,Shellfish,Dairy,Water,Bovine,Me at,Feline,Human,Laboratory,Amphibian,Air,Animal Feed,Canine,Equine,Camelid,Marsupial,Bat,Avian,Invertebrates,Not determined,Reptile,Soil/Dust,Fish,Ovine,Swine. Only reply with the category"
SAMN07703241,Human,Human,"Given the ncbi biosample information. Sample ID:SAMN07703241,collected_by:CDC,isolation_source:stool,host_age:30-39. Assign the record to one of the following host categories: Plant,Rodent,Other Mammal,Primate,Composite Food,Deer,Marine Mammal,Shellfish,Dairy,Water,Bovine,Me at,Feline,Human,Laboratory,Amphibian,Air,Animal Feed,Canine,Equine,Camelid,Marsupial,Bat,Avian,Invertebrates,Not determined,Reptile,Soil/Dust,Fish,Ovine,Swine. Only reply with the category"
SAMN07718316,Human,Human,"Given the ncbi biosample information. Sample ID:SAMN07718316,collected_by:PHE,isolation_source:human,host:Homo sapiens. Assign the record to one of the following host categories: Fish,Marine Mammal,Shellfish,Canine,Feline,Air,Plant,Soil/Dust,Water,Animal Feed,Meat,Composite Food,Dairy,Fish,Meat,Shellfish,Human,Laboratory,Bovine,Camel id,Equine,Ovine,Swine,Avian,Amphibian,Avian,Bat,Bovine,Camelid,Canine,Deer,Equin e,Feline,Invertebrates,Marsupial,Other Mammal,Ovine,Primate,Reptile,Rodent,Swine,Not determined. Only reply with the category"
SAMN07817114,Poultry,Avian,"Given the ncbi biosample information. Sample ID:SAMN07817114,collected_by:USDA- FSIS,isolation_source:comminuted chicken. Assign the record to one of the following host categories: Fish,Marine Mammal,Shellfish,Canine,Feline,Air,Plant,Soil/Dust,Water,Animal Feed,Meat,Composite Food,Dairy,Fish,Meat,Shellfish,Human,Laboratory,Bovine,Camel id,Equine,Ovine,Swine,Avian,Amphibian,Avian,Bat,Bovine,Camelid,Canine,Deer,Equin e,Feline,Invertebrates,Marsupial,Other Mammal,Ovine,Primate,Reptile,Rodent,Swine,Not determined. Only reply with the category"
SAMN07965041,ND/Others,Animal Feed,"Given the ncbi biosample information. Sample ID:SAMN07965041,collected_by:FDA,isolation_source:cattle supplement,attribute_package:environmental/food/other,IFSAC+ Category:animal feed,source_type:Animal feed. Assign the record to one of the following host categories: Fish,Marine Mammal,Shellfish,Canine,Feline,Air,Plant,Soil/Dust,Water,Animal Feed,Meat,Composite Food,Dairy,Fish,Meat,Shellfish,Human,Laboratory,Bovine,Camel id,Equine,Ovine,Swine,Avian,Amphibian,Avian,Bat,Bovine,Camelid,Canine,Deer,Equin e,Feline,Invertebrates,Marsupial,Other Mammal,Ovine,Primate,Reptile,Rodent,Swine,Not determined. Only reply with the category"
SAMN08100417,Human,Human,"Given the ncbi biosample information. Sample ID:SAMN08100417,isolation_source:human. Assign the record to one of the following host categories: Plant,Rodent,Other Mammal,Primate,Composite Food,Deer,Marine Mammal,Shellfish,Dairy,Water,Bovine,Meat,Feline,Human,Laborator y,Amphibian,Air,Animal Feed,Canine,Equine,Camelid,Marsupial,Bat,Avian,Invertebrates,Not determined,Reptile,Soil/Dust,Fish,Ovine,Swine. Only reply with the category"
SAMN08114146,Poultry,Avian,"Given the ncbi biosample information. Sample ID:SAMN08114146,collected_by:FDA,isolation_source:chicken breast. Assign the record to one of the following host categories: Fish,Marine Mammal,Shellfish,Canine,Feline,Air,Plant,Soil/Dust,Water,Animal Feed,Meat,Composite Food,Dairy,Fish,Meat,Shellfish,Human,Laboratory,Bovine,Camel id,Equine,Ovine,Swine,Avian,Amphibian,Avian,Bat,Bovine,Camelid,Canine,Deer,Equin e,Feline,Invertebrates,Marsupial,Other Mammal,Ovine,Primate,Reptile,Rodent,Swine,Not determined. Only reply with the category"
SAMN08281272,Poultry,Avian,"Given the ncbi biosample information. Sample ID:SAMN08281272,collected_by:USDA- FSIS,isolation_source:raw intact chicken. Assign the record to one of the following host categories: Plant,Rodent,Other Mammal,Primate,Composite Food,Deer,Marine Mammal,Shellfish,Dairy,Water,Bovine,Meat,Feline,Human,Laborator y,Amphibian,Air,Animal Feed,Canine,Equine,Camelid,Marsupial,Bat,Avian,Invertebrates,Not determined,Reptile,Soil/Dust,Fish,Ovine,Swine. Only reply with the category"
SAMN08326670,Human,Human,"Given the ncbi biosample information. Sample ID:SAMN08326670,collected_by:CDC,isolation_source:stool,host_age:50-59. Assign the record to one of the following host categories: Plant,Rodent,Other Mammal,Primate,Composite Food,Deer,Marine Mammal,Shellfish,Dairy,Water,Bovine,Me at,Feline,Human,Laboratory,Amphibian,Air,Animal Feed,Canine,Equine,Camelid,Marsupial,Bat,Avian,Invertebrates,Not determined,Reptile,Soil/Dust,Fish,Ovine,Swine. Only reply with the category"
SAMN08386825,Swine,Swine,"Given the ncbi biosample information. Sample ID:SAMN08386825,collected_by:Department of Microbiology, Faculty of Science, Mahidol University,isolation_source:pork intestine,attribute_package:environmental/food/other,ontological term:pork meat food product:FOODON_00001038|intestine:UBERON_0000160,IFSAC+ Category:pork,source_type:food. Assign the record to one of the following host categories: Fish,Marine Mammal,Shellfish,Canine,Feline,Air,Plant,Soil/Dust,Water,Animal Feed,Meat,Composite Food,Dairy,Fish,Meat,Shellfish,Human,Laboratory,Bovine,Camel id,Equine,Ovine,Swine,Avian,Amphibian,Avian,Bat,Bovine,Camelid,Canine,Deer,Equin e,Feline,Invertebrates,Marsupial,Other Mammal,Ovine,Primate,Reptile,Rodent,Swine,Not determined. Only reply with the category"
SAMN08412571,Human,Human,"Given the ncbi biosample information. Sample ID:SAMN08412571,host:Homo sapiens. Assign the record to one of the following host categories: Fish,Marine Mammal,Shellfish,Canine,Feline,Air,Plant,Soil/Dust,Water,Animal Feed,Meat,Composite Food,Dairy,Fish,Meat,Shellfish,Human,Laboratory,Bovine,Camel id,Equine,Ovine,Swine,Avian,Amphibian,Avian,Bat,Bovine,Camelid,Canine,Deer,Equin e,Feline,Invertebrates,Marsupial,Other Mammal,Ovine,Primate,Reptile,Rodent,Swine,Not determined. Only reply with the category"
SAMN08432475,Human,Not determined,"Given the ncbi biosample information. Sample ID:SAMN08432475,isolation_source:stool,host_age:0-4. Assign the record to one of the following host categories: Plant,Rodent,Other Mammal,Primate,Composite Food,Deer,Marine Mammal,Shellfish,Dairy,Water,Bovine,Meat,Feline,Human,Laborator y,Amphibian,Air,Animal Feed,Canine,Equine,Camelid,Marsupial,Bat,Avian,Invertebrates,Not determined,Reptile,Soil/Dust,Fish,Ovine,Swine. Only reply with the category"
SAMN08472596,Bovine,Meat,"Given the ncbi biosample information. Sample ID:SAMN08472596,collected_by:USDA- FSIS,isolation_source:comminuted beef. Assign the record to one of the following host categories: Fish,Marine Mammal,Shellfish,Canine,Feline,Air,Plant,Soil/Dust,Water,Animal Feed,Meat,Composite Food,Dairy,Fish,Meat,Shellfish,Human,Laboratory,Bovine,Camel id,Equine,Ovine,Swine,Avian,Amphibian,Avian,Bat,Bovine,Camelid,Canine,Deer,Equin e,Feline,Invertebrates,Marsupial,Other Mammal,Ovine,Primate,Reptile,Rodent,Swine,Not determined. Only reply with the category"
SAMN08719807,Poultry,Meat,"Given the ncbi biosample information. Sample ID:SAMN08719807,collected_by:FDA Contracted Laboratory,isolation_source:ground component turkey,attribute_package:environmental/food/other,ontological term:turkey (ground or minced):FOODON_00002714,IFSAC+ Category:turkey,source_type:food. Assign the record to one of the following host categories: Fish,Marine Mammal,Shellfish,Canine,Feline,Air,Plant,Soil/Dust,Water,Animal Feed,Meat,Composite Food,Dairy,Fish,Meat,Shellfish,Human,Laboratory,Bovine,Camel id,Equine,Ovine,Swine,Avian,Amphibian,Avian,Bat,Bovine,Camelid,Canine,Deer,Equin e,Feline,Invertebrates,Marsupial,Other Mammal,Ovine,Primate,Reptile,Rodent,Swine,Not determined. Only reply with the category"
SAMN08773300,ND/Others,Composite Food,"Given the ncbi biosample information. Sample ID:SAMN08773300,collected_by:Utah Dept of Health,isolation_source:food,attribute_package:environmental/food/other, ontological term:food:CHEBI_33290,IFSAC+ Category:multi- ingredient,source_type:food. Assign the record to one of the following host categories: Plant,Rodent,Other Mammal,Primate,Composite Food,Deer,Marine Mammal, Shellfish,Dairy,Water,Bovine,Meat,Feline,Human,Laboratory,Amphibian,Air,Animal Feed,Canine,Equine,Camelid,Marsupial,Bat,Avian,Invertebrates,Not determined,Reptile,Soil/Dust,Fish,Ovine,Swine. Only reply with the category"
SAMN08774809,Human,Not determined,"Given the ncbi biosample information. Sample ID:SAMN08774809,collected_by:CDC,isolation_source:stool,host_age:50-59. Assign the record to one of the following host categories: Fish,Marine Mammal,Shellfish,Canine,Feline,Air,Plant,Soil/Dust,Water,Animal Feed,Meat,Composite Food,Dairy,Fish,Meat,Shellfish,Human,Laboratory,Bovine,Camel id,Equine,Ovine,Swine,Avian,Amphibian,Avian,Bat,Bovine,Camelid,Canine,Deer,Equin e,Feline,Invertebrates,Marsupial,Other Mammal,Ovine,Primate,Reptile,Rodent,Swine,Not determined. Only reply with the category"
SAMN08797505,Human,Human,"Given the ncbi biosample information. Sample ID:SAMN08797505,collected_by:PHE,isolation_source:human,host:Homo sapiens. Assign the record to one of the following host categories: Fish,Marine Mammal,Shellfish,Canine,Feline,Air,Plant,Soil/Dust,Water,Animal Feed,Meat,Composite Food,Dairy,Fish,Meat,Shellfish,Human,Laboratory,Bovine,Camel id,Equine,Ovine,Swine,Avian,Amphibian,Avian,Bat,Bovine,Camelid,Canine,Deer,Equin e,Feline,Invertebrates,Marsupial,Other Mammal,Ovine,Primate,Reptile,Rodent,Swine,Not determined. Only reply with the category"
SAMN08797846,Human,Human,"Given the ncbi biosample information. Sample ID:SAMN08797846,collected_by:PHE,isolation_source:human,host:Homo sapiens. Assign the record to one of the following host categories: Fish,Marine Mammal,Shellfish,Canine,Feline,Air,Plant,Soil/Dust,Water,Animal Feed,Meat,Composite Food,Dairy,Fish,Meat,Shellfish,Human,Laboratory,Bovine,Camel id,Equine,Ovine,Swine,Avian,Amphibian,Avian,Bat,Bovine,Camelid,Canine,Deer,Equin e,Feline,Invertebrates,Marsupial,Other Mammal,Ovine,Primate,Reptile,Rodent,Swine,Not determined. Only reply with the category"
SAMN08828251,Human,Human,"Given the ncbi biosample information. Sample ID:SAMN08828251,collected_by:PHE,isolation_source:human,host:Homo sapiens. Assign the record to one of the following host categories: Plant,Rodent,Other Mammal,Primate,Composite Food,Deer,Marine Mammal,Shellfish,Dairy,Water,Bovine,Me at,Feline,Human,Laboratory,Amphibian,Air,Animal Feed,Canine,Equine,Camelid,Marsupial,Bat,Avian,Invertebrates,Not determined,Reptile,Soil/Dust,Fish,Ovine,Swine. Only reply with the category"
SAMN08903161,Poultry,Animal Feed,"Given the ncbi biosample information. Sample ID:SAMN08903161,collected_by:Yongxiang Wang,isolation_source:Chicken Food,host:chicken,host_disease:Salmonella gastroenteritis. Assign the record to one of the following host categories: Fish,Marine Mammal,Shellfish,Canine,Feline,Air,Plant,Soil/Dust,Water,Animal Feed,Meat,Composite Food,Dairy,Fish,Meat,Shellfish,Human,Laboratory,Bovine,Camel id,Equine,Ovine,Swine,Avian,Amphibian,Avian,Bat,Bovine,Camelid,Canine,Deer,Equin e,Feline,Invertebrates,Marsupial,Other Mammal,Ovine,Primate,Reptile,Rodent,Swine,Not determined. Only reply with the category"
SAMN08963970,Human,Not determined,"Given the ncbi biosample information. Sample ID:SAMN08963970,collected_by:CDC,isolation_source:stool,host_age:0-4. Assign the record to one of the following host categories: Fish,Marine Mammal,Shellfish,Canine,Feline,Air,Plant,Soil/Dust,Water,Animal Feed,Meat,Composite Food,Dairy,Fish,Meat,Shellfish,Human,Laboratory,Bovine,Camel id,Equine,Ovine,Swine,Avian,Amphibian,Avian,Bat,Bovine,Camelid,Canine,Deer,Equin e,Feline,Invertebrates,Marsupial,Other Mammal,Ovine,Primate,Reptile,Rodent,Swine,Not determined. Only reply with the category"
SAMN09238922,Human,Human,"Given the ncbi biosample information. Sample ID:SAMN09238922,collected_by:PHE,isolation_source:human,host:Homo sapiens. Assign the record to one of the following host categories: Plant,Rodent,Other Mammal,Primate,Composite Food,Deer,Marine Mammal,Shellfish,Dairy,Water,Bovine,Me at,Feline,Human,Laboratory,Amphibian,Air,Animal Feed,Canine,Equine,Camelid,Marsupial,Bat,Avian,Invertebrates,Not determined,Reptile,Soil/Dust,Fish,Ovine,Swine. Only reply with the category"
SAMN09343339,Poultry,Avian,"Given the ncbi biosample information. Sample ID:SAMN09343339,collected_by:USDA- FSIS,isolation_source:Comminuted Turkey. Assign the record to one of the following host categories: Plant,Rodent,Other Mammal,Primate,Composite Food,Deer,Marine Mammal,Shellfish,Dairy,Water,Bovine,Meat,Feline,Human,Laborator y,Amphibian,Air,Animal Feed,Canine,Equine,Camelid,Marsupial,Bat,Avian,Invertebrates,Not determined,Reptile,Soil/Dust,Fish,Ovine,Swine. Only reply with the category"
SAMN09372395,Poultry,Avian,"Given the ncbi biosample information. Sample ID:SAMN09372395,collected_by:USDA- FSIS,isolation_source:comminuted chicken. Assign the record to one of the following host categories: Fish,Marine Mammal,Shellfish,Canine,Feline,Air,Plant,Soil/Dust,Water,Animal Feed,Meat,Composite Food,Dairy,Fish,Meat,Shellfish,Human,Laboratory,Bovine,Camel id,Equine,Ovine,Swine,Avian,Amphibian,Avian,Bat,Bovine,Camelid,Canine,Deer,Equin e,Feline,Invertebrates,Marsupial,Other Mammal,Ovine,Primate,Reptile,Rodent,Swine,Not determined. Only reply with the category"
SAMN09404315,Human,Human,"Given the ncbi biosample information. Sample ID:SAMN09404315,collected_by:PHE,isolation_source:human,host:Homo sapiens. Assign the record to one of the following host categories: Plant,Rodent,Other Mammal,Primate,Composite Food,Deer,Marine Mammal,Shellfish,Dairy,Water,Bovine,Me at,Feline,Human,Laboratory,Amphibian,Air,Animal Feed,Canine,Equine,Camelid,Marsupial,Bat,Avian,Invertebrates,Not determined,Reptile,Soil/Dust,Fish,Ovine,Swine. Only reply with the category"
SAMN09459233,Human,Human,"Given the ncbi biosample information. Sample ID:SAMN09459233,collected_by:PHE,isolation_source:human,host:Homo sapiens. Assign the record to one of the following host categories: Plant,Rodent,Other Mammal,Primate,Composite Food,Deer,Marine Mammal,Shellfish,Dairy,Water,Bovine,Me at,Feline,Human,Laboratory,Amphibian,Air,Animal Feed,Canine,Equine,Camelid,Marsupial,Bat,Avian,Invertebrates,Not determined,Reptile,Soil/Dust,Fish,Ovine,Swine. Only reply with the category"
SAMN09479615,Poultry,Avian,"Given the ncbi biosample information. Sample ID:SAMN09479615,collected_by:USDA- FSIS,isolation_source:raw intact chicken. Assign the record to one of the following host categories: Plant,Rodent,Other Mammal,Primate,Composite Food,Deer,Marine Mammal,Shellfish,Dairy,Water,Bovine,Meat,Feline,Human,Laborator y,Amphibian,Air,Animal Feed,Canine,Equine,Camelid,Marsupial,Bat,Avian,Invertebrates,Not determined,Reptile,Soil/Dust,Fish,Ovine,Swine. Only reply with the category"
SAMN09530929,Human,Human,"Given the ncbi biosample information. Sample ID:SAMN09530929,collected_by:PHE,isolation_source:human,host:Homo sapiens. Assign the record to one of the following host categories: Plant,Rodent,Other Mammal,Primate,Composite Food,Deer,Marine Mammal,Shellfish,Dairy,Water,Bovine,Me at,Feline,Human,Laboratory,Amphibian,Air,Animal Feed,Canine,Equine,Camelid,Marsupial,Bat,Avian,Invertebrates,Not determined,Reptile,Soil/Dust,Fish,Ovine,Swine. Only reply with the category"
SAMN09628690,Human,Human,"Given the ncbi biosample information. Sample ID:SAMN09628690,collected_by:PHE,isolation_source:human,host:Homo sapiens. Assign the record to one of the following host categories: Plant,Rodent,Other Mammal,Primate,Composite Food,Deer,Marine Mammal,Shellfish,Dairy,Water,Bovine,Me at,Feline,Human,Laboratory,Amphibian,Air,Animal Feed,Canine,Equine,Camelid,Marsupial,Bat,Avian,Invertebrates,Not determined,Reptile,Soil/Dust,Fish,Ovine,Swine. Only reply with the category"
SAMN09633413,Swine,Swine,"Given the ncbi biosample information. Sample ID:SAMN09633413,collected_by:USDA- FSIS,isolation_source:animal-swine-market swine. Assign the record to one of the following host categories: Plant,Rodent,Other Mammal,Primate,Composite Food,Deer,Marine Mammal,Shellfish,Dairy,Water,Bovine,Meat,Feline,Human,Laborator y,Amphibian,Air,Animal Feed,Canine,Equine,Camelid,Marsupial,Bat,Avian,Invertebrates,Not determined,Reptile,Soil/Dust,Fish,Ovine,Swine. Only reply with the category"
SAMN09829987,Poultry,Avian,"Given the ncbi biosample information. Sample ID:SAMN09829987,collected_by:USDA- FSIS,isolation_source:raw intact chicken. Assign the record to one of the following host categories: Plant,Rodent,Other Mammal,Primate,Composite Food,Deer,Marine Mammal,Shellfish,Dairy,Water,Bovine,Meat,Feline,Human,Laborator y,Amphibian,Air,Animal Feed,Canine,Equine,Camelid,Marsupial,Bat,Avian,Invertebrates,Not determined,Reptile,Soil/Dust,Fish,Ovine,Swine. Only reply with the category"
SAMN10080316,Human,Human,"Given the ncbi biosample information. Sample ID:SAMN10080316,collected_by:PHE,isolation_source:human,host:Homo sapiens. Assign the record to one of the following host categories: Plant,Rodent,Other Mammal,Primate,Composite Food,Deer,Marine Mammal,Shellfish,Dairy,Water,Bovine,Me at,Feline,Human,Laboratory,Amphibian,Air,Animal Feed,Canine,Equine,Camelid,Marsupial,Bat,Avian,Invertebrates,Not determined,Reptile,Soil/Dust,Fish,Ovine,Swine. Only reply with the category"
SAMN10112440,Poultry,Avian,"Given the ncbi biosample information. Sample ID:SAMN10112440,collected_by:USDA- FSIS,isolation_source:chicken carcass. Assign the record to one of the following host categories: Fish,Marine Mammal,Shellfish,Canine,Feline,Air,Plant,Soil/Dust,Water,Animal Feed,Meat,Composite Food,Dairy,Fish,Meat,Shellfish,Human,Laboratory,Bovine,Camel id,Equine,Ovine,Swine,Avian,Amphibian,Avian,Bat,Bovine,Camelid,Canine,Deer,Equin e,Feline,Invertebrates,Marsupial,Other Mammal,Ovine,Primate,Reptile,Rodent,Swine,Not determined. Only reply with the category"
SAMN10261767,Poultry,Avian,"Given the ncbi biosample information. Sample ID:SAMN10261767,collected_by:USDA- FSIS,isolation_source:Animal-Turkey-Young Turkey. Assign the record to one of the following host categories: Fish,Marine Mammal,Shellfish,Canine,Feline,Air,Plant,Soil/Dust,Water,Animal Feed,Meat,Composite Food,Dairy,Fish,Meat,Shellfish,Human,Laboratory,Bovine,Camel id,Equine,Ovine,Swine,Avian,Amphibian,Avian,Bat,Bovine,Camelid,Canine,Deer,Equin e,Feline,Invertebrates,Marsupial,Other Mammal,Ovine,Primate,Reptile,Rodent,Swine,Not determined. Only reply with the category"
SAMN10272180,Human,Human,"Given the ncbi biosample information. Sample ID:SAMN10272180,collected_by:PHE,isolation_source:human,host:Homo sapiens. Assign the record to one of the following host categories: Fish,Marine Mammal,Shellfish,Canine,Feline,Air,Plant,Soil/Dust,Water,Animal Feed,Meat,Composite Food,Dairy,Fish,Meat,Shellfish,Human,Laboratory,Bovine,Camel id,Equine,Ovine,Swine,Avian,Amphibian,Avian,Bat,Bovine,Camelid,Canine,Deer,Equin e,Feline,Invertebrates,Marsupial,Other Mammal,Ovine,Primate,Reptile,Rodent,Swine,Not determined. Only reply with the category"
SAMN10438129,Swine,Swine,"Given the ncbi biosample information. Sample ID:SAMN10438129,collected_by:USDA- FSIS,isolation_source:animal-swine-market swine. Assign the record to one of the following host categories: Fish,Marine Mammal,Shellfish,Canine,Feline,Air,Plant,Soil/Dust,Water,Animal Feed,Meat,Composite Food,Dairy,Fish,Meat,Shellfish,Human,Laboratory,Bovine,Camel id,Equine,Ovine,Swine,Avian,Amphibian,Avian,Bat,Bovine,Camelid,Canine,Deer,Equin e,Feline,Invertebrates,Marsupial,Other Mammal,Ovine,Primate,Reptile,Rodent,Swine,Not determined. Only reply with the category"
SAMN10485402,Poultry,Avian,"Given the ncbi biosample information. Sample ID:SAMN10485402,collected_by:USDA- FSIS,isolation_source:chicken carcass. Assign the record to one of the following host categories: Fish,Marine Mammal,Shellfish,Canine,Feline,Air,Plant,Soil/Dust,Water,Animal Feed,Meat,Composite Food,Dairy,Fish,Meat,Shellfish,Human,Laboratory,Bovine,Camel id,Equine,Ovine,Swine,Avian,Amphibian,Avian,Bat,Bovine,Camelid,Canine,Deer,Equin e,Feline,Invertebrates,Marsupial,Other Mammal,Ovine,Primate,Reptile,Rodent,Swine,Not determined. Only reply with the category"
SAMN10499806,Swine,Swine,"Given the ncbi biosample information. Sample ID:SAMN10499806,collected_by:USDA- FSIS,isolation_source:animal-swine-sow. Assign the record to one of the following host categories: Fish,Marine Mammal,Shellfish,Canine,Feline,Air,Plant,Soil/Dust,Water,Animal Feed,Meat,Composite Food,Dairy,Fish,Meat,Shellfish,Human,Laboratory,Bovine,Camel id,Equine,Ovine,Swine,Avian,Amphibian,Avian,Bat,Bovine,Camelid,Canine,Deer,Equin e,Feline,Invertebrates,Marsupial,Other Mammal,Ovine,Primate,Reptile,Rodent,Swine,Not determined. Only reply with the category"
SAMN10517750,Human,Human,"Given the ncbi biosample information. Sample ID:SAMN10517750,collected_by:PHE,isolation_source:human,host:Homo sapiens. Assign the record to one of the following host categories: Plant,Rodent,Other Mammal,Primate,Composite Food,Deer,Marine Mammal,Shellfish,Dairy,Water,Bovine,Me at,Feline,Human,Laboratory,Amphibian,Air,Animal Feed,Canine,Equine,Camelid,Marsupial,Bat,Avian,Invertebrates,Not determined,Reptile,Soil/Dust,Fish,Ovine,Swine. Only reply with the category"
SAMN10517832,Bovine,Meat,"Given the ncbi biosample information. Sample ID:SAMN10517832,collected_by:FDA Contracted Laboratory,isolation_source:finished beef,attribute_package:environmental/food/other,ontological term:beef food product:FOODON_00001041| finished product:CURATION_0001404,IFSAC+ Category:multi-ingredient| beef,source_type:food. Assign the record to one of the following host categories: Fish,Marine Mammal,Shellfish,Canine,Feline,Air,Plant,Soil/Dust,Water,Animal Feed,Meat,Composite Food,Dairy,Fish,Meat,Shellfish,Human,Laboratory,Bovine,Camel id,Equine,Ovine,Swine,Avian,Amphibian,Avian,Bat,Bovine,Camelid,Canine,Deer,Equin e,Feline,Invertebrates,Marsupial,Other Mammal,Ovine,Primate,Reptile,Rodent,Swine,Not determined. Only reply with the category"
SAMN10589462,Poultry,Avian,"Given the ncbi biosample information. Sample ID:SAMN10589462,collected_by:UNIETAR,isolation_source:skin before chiller (Gallus gallus domesticus),attribute_package:environmental/food/other,ontological term:chicken:FOODON_03411457, zone of skin:UBERON_0000014,IFSAC+ Category:veterinary clinical/research| chicken,source_type:animal. Assign the record to one of the following host categories: Plant,Rodent,Other Mammal,Primate,Composite Food,Deer,Marine Mammal,Shellfish,Dairy,Water,Bovine,Me at,Feline,Human,Laboratory,Amphibian,Air,Animal Feed,Canine,Equine,Camelid,Marsupial,Bat,Avian,Invertebrates,Not determined,Reptile,Soil/Dust,Fish,Ovine,Swine. Only reply with the category"
SAMN10662922,Human,Human,"Given the ncbi biosample information. Sample ID:SAMN10662922,collected_by:PHE,isolation_source:human,host:Homo sapiens. Assign the record to one of the following host categories: Plant,Rodent,Other Mammal,Primate,Composite Food,Deer,Marine Mammal,Shellfish,Dairy,Water,Bovine,Me at,Feline,Human,Laboratory,Amphibian,Air,Animal Feed,Canine,Equine,Camelid,Marsupial,Bat,Avian,Invertebrates,Not determined,Reptile,Soil/Dust,Fish,Ovine,Swine. Only reply with the category"
SAMN10726670,Soil/Dust,Dairy,"Given the ncbi biosample information. Sample ID:SAMN10726670,collected_by:CSU,isolation_source:environmental swab boot of dairy farm worker,attribute_package:environmental/food/other,IFSAC+ Category:environmental-farm,source_type:environmental. Assign the record to one of the following host categories: Plant,Rodent,Other Mammal,Primate,Composite Food,Deer,Marine Mammal,Shellfish,Dairy,Water,Bovine,Meat,Feline,Human,Laborator y,Amphibian,Air,Animal Feed,Canine,Equine,Camelid,Marsupial,Bat,Avian,Invertebrates,Not determined,Reptile,Soil/Dust,Fish,Ovine,Swine. Only reply with the category"
SAMN10734142,Bovine,Bovine,"Given the ncbi biosample information. Sample ID:SAMN10734142,collected_by:Pennsylvania State University | Escherichia coli Reference Center,isolation_source:biological fluid or and tissue bovine,attribute_package:environmental/food/other,IFSAC+ Category:veterinary clinical/research| cow,source_type:animal. Assign the record to one of the following host categories: Fish,Marine Mammal,Shellfish,Canine,Feline,Air,Plant,Soil/Dust,Water,Animal Feed,Meat,Composite Food,Dairy,Fish,Meat,Shellfish,Human,Laboratory,Bovine,Camel id,Equine,Ovine,Swine,Avian,Amphibian,Avian,Bat,Bovine,Camelid,Canine,Deer,Equin e,Feline,Invertebrates,Marsupial,Other Mammal,Ovine,Primate,Reptile,Rodent,Swine,Not determined. Only reply with the category"
SAMN10734410,Bovine,Bovine,"Given the ncbi biosample information. Sample ID:SAMN10734410,collected_by:Pennsylvania State University | Escherichia coli Reference Center,isolation_source:biological fluid or and tissue bovine,attribute_package:environmental/food/other,IFSAC+ Category:veterinary clinical/research| cow,source_type:animal. Assign the record to one of the following host categories: Plant,Rodent,Other Mammal,Primate,Composite Food,Deer,Marine Mammal,Shellfish,Dairy,Water,Bovine,Meat,Feline,Human,Laborator y,Amphibian,Air,Animal Feed,Canine,Equine,Camelid,Marsupial,Bat,Avian,Invertebrates,Not determined,Reptile,Soil/Dust,Fish,Ovine,Swine. Only reply with the category"
SAMN10737122,Human,Human,"Given the ncbi biosample information. Sample ID:SAMN10737122,collected_by:PHE,isolation_source:human,host:Homo sapiens. Assign the record to one of the following host categories: Fish,Marine Mammal,Shellfish,Canine,Feline,Air,Plant,Soil/Dust,Water,Animal Feed,Meat,Composite Food,Dairy,Fish,Meat,Shellfish,Human,Laboratory,Bovine,Camel id,Equine,Ovine,Swine,Avian,Amphibian,Avian,Bat,Bovine,Camelid,Canine,Deer,Equin e,Feline,Invertebrates,Marsupial,Other Mammal,Ovine,Primate,Reptile,Rodent,Swine,Not determined. Only reply with the category"
SAMN10755987,Human,Human,"Given the ncbi biosample information. Sample ID:SAMN10755987,collected_by:Institut Pasteur,isolation_source:feces,host:Homo sapiens,host_disease:Salmonella gastroenteritis. Assign the record to one of the following host categories: Fish,Marine Mammal,Shellfish,Canine,Feline,Air,Plant,Soil/Dust,Water,Animal Feed,Meat,Composite Food,Dairy,Fish,Meat,Shellfish,Human,Laboratory,Bovine,Camel id,Equine,Ovine,Swine,Avian,Amphibian,Avian,Bat,Bovine,Camelid,Canine,Deer,Equin e,Feline,Invertebrates,Marsupial,Other Mammal,Ovine,Primate,Reptile,Rodent,Swine,Not determined. Only reply with the category"
SAMN10756153,Human,Human,"Given the ncbi biosample information. Sample ID:SAMN10756153,collected_by:Institut Pasteur,isolation_source:feces,host:Homo sapiens,host_disease:Salmonella gastroenteritis. Assign the record to one of the following host categories: Plant,Rodent,Other Mammal,Primate,Composite Food,Deer,Marine Mammal,Shellfish,Dairy,Water,Bovine,Meat,Feline,Human,Laborator y,Amphibian,Air,Animal Feed,Canine,Equine,Camelid,Marsupial,Bat,Avian,Invertebrates,Not determined,Reptile,Soil/Dust,Fish,Ovine,Swine. Only reply with the category"
SAMN10848259,Human,Human,"Given the ncbi biosample information. Sample ID:SAMN10848259,collected_by:PHE,isolation_source:human,host:Homo sapiens. Assign the record to one of the following host categories: Fish,Marine Mammal,Shellfish,Canine,Feline,Air,Plant,Soil/Dust,Water,Animal Feed,Meat,Composite Food,Dairy,Fish,Meat,Shellfish,Human,Laboratory,Bovine,Camel id,Equine,Ovine,Swine,Avian,Amphibian,Avian,Bat,Bovine,Camelid,Canine,Deer,Equin e,Feline,Invertebrates,Marsupial,Other Mammal,Ovine,Primate,Reptile,Rodent,Swine,Not determined. Only reply with the category"
SAMN10855874,Human,Human,"Given the ncbi biosample information. Sample ID:SAMN10855874,collected_by:PHE,isolation_source:human,host:Homo sapiens. Assign the record to one of the following host categories: Fish,Marine Mammal,Shellfish,Canine,Feline,Air,Plant,Soil/Dust,Water,Animal Feed,Meat,Composite Food,Dairy,Fish,Meat,Shellfish,Human,Laboratory,Bovine,Camel id,Equine,Ovine,Swine,Avian,Amphibian,Avian,Bat,Bovine,Camelid,Canine,Deer,Equin e,Feline,Invertebrates,Marsupial,Other Mammal,Ovine,Primate,Reptile,Rodent,Swine,Not determined. Only reply with the category"
SAMN10887404,Human,Human,"Given the ncbi biosample information. Sample ID:SAMN10887404,collected_by:PHE,isolation_source:human,host:Homo sapiens. Assign the record to one of the following host categories: Fish,Marine Mammal,Shellfish,Canine,Feline,Air,Plant,Soil/Dust,Water,Animal Feed,Meat,Composite Food,Dairy,Fish,Meat,Shellfish,Human,Laboratory,Bovine,Camel id,Equine,Ovine,Swine,Avian,Amphibian,Avian,Bat,Bovine,Camelid,Canine,Deer,Equin e,Feline,Invertebrates,Marsupial,Other Mammal,Ovine,Primate,Reptile,Rodent,Swine,Not determined. Only reply with the category"
SAMN10887435,Human,Human,"Given the ncbi biosample information. Sample ID:SAMN10887435,collected_by:PHE,isolation_source:human,host:Homo sapiens. Assign the record to one of the following host categories: Plant,Rodent,Other Mammal,Primate,Composite Food,Deer,Marine Mammal,Shellfish,Dairy,Water,Bovine,Me at,Feline,Human,Laboratory,Amphibian,Air,Animal Feed,Canine,Equine,Camelid,Marsupial,Bat,Avian,Invertebrates,Not determined,Reptile,Soil/Dust,Fish,Ovine,Swine. Only reply with the category"
SAMN10922271,Human,Human,"Given the ncbi biosample information. Sample ID:SAMN10922271,collected_by:PHE,isolation_source:human,host:Homo sapiens. Assign the record to one of the following host categories: Plant,Rodent,Other Mammal,Primate,Composite Food,Deer,Marine Mammal,Shellfish,Dairy,Water,Bovine,Me at,Feline,Human,Laboratory,Amphibian,Air,Animal Feed,Canine,Equine,Camelid,Marsupial,Bat,Avian,Invertebrates,Not determined,Reptile,Soil/Dust,Fish,Ovine,Swine. Only reply with the category"
SAMN11098967,Poultry,Avian,"Given the ncbi biosample information. Sample ID:SAMN11098967,collected_by:USDA- FSIS,isolation_source:raw intact chicken. Assign the record to one of the following host categories: Fish,Marine Mammal,Shellfish,Canine,Feline,Air,Plant,Soil/Dust,Water,Animal Feed,Meat,Composite Food,Dairy,Fish,Meat,Shellfish,Human,Laboratory,Bovine,Camel id,Equine,Ovine,Swine,Avian,Amphibian,Avian,Bat,Bovine,Camelid,Canine,Deer,Equin e,Feline,Invertebrates,Marsupial,Other Mammal,Ovine,Primate,Reptile,Rodent,Swine,Not determined. Only reply with the category"
SAMN11103600,Human,Human,"Given the ncbi biosample information. Sample ID:SAMN11103600,collected_by:PHE,isolation_source:human,host:Homo sapiens. Assign the record to one of the following host categories: Plant,Rodent,Other Mammal,Primate,Composite Food,Deer,Marine Mammal,Shellfish,Dairy,Water,Bovine,Me at,Feline,Human,Laboratory,Amphibian,Air,Animal Feed,Canine,Equine,Camelid,Marsupial,Bat,Avian,Invertebrates,Not determined,Reptile,Soil/Dust,Fish,Ovine,Swine. Only reply with the category"
SAMN11168295,Poultry,Avian,"Given the ncbi biosample information. Sample ID:SAMN11168295,collected_by:USDA- FSIS,isolation_source:comminuted chicken. Assign the record to one of the following host categories: Plant,Rodent,Other Mammal,Primate,Composite Food,Deer,Marine Mammal,Shellfish,Dairy,Water,Bovine,Meat,Feline,Human,Laborator y,Amphibian,Air,Animal Feed,Canine,Equine,Camelid,Marsupial,Bat,Avian,Invertebrates,Not determined,Reptile,Soil/Dust,Fish,Ovine,Swine. Only reply with the category"
SAMN11320793,Poultry,Avian,"Given the ncbi biosample information. Sample ID:SAMN11320793,collected_by:USDA- FSIS,isolation_source:animal-chicken-young chicken. Assign the record to one of the following host categories: Fish,Marine Mammal,Shellfish,Canine,Feline,Air,Plant,Soil/Dust,Water,Animal Feed,Meat,Composite Food,Dairy,Fish,Meat,Shellfish,Human,Laboratory,Bovine,Camel id,Equine,Ovine,Swine,Avian,Amphibian,Avian,Bat,Bovine,Camelid,Canine,Deer,Equin e,Feline,Invertebrates,Marsupial,Other Mammal,Ovine,Primate,Reptile,Rodent,Swine,Not determined. Only reply with the category"
SAMN11634846,Poultry,Avian,"Given the ncbi biosample information. Sample ID:SAMN11634846,collected_by:USDA- FSIS,isolation_source:Product-Rinse-Chicken. Assign the record to one of the following host categories: Plant,Rodent,Other Mammal,Primate,Composite Food,Deer,Marine Mammal,Shellfish,Dairy,Water,Bovine,Meat,Feline,Human,Laborator y,Amphibian,Air,Animal Feed,Canine,Equine,Camelid,Marsupial,Bat,Avian,Invertebrates,Not determined,Reptile,Soil/Dust,Fish,Ovine,Swine. Only reply with the category"
SAMN11875849,Human,Not determined,"Given the ncbi biosample information. Sample ID:SAMN11875849,collected_by:CDC. Assign the record to one of the following host categories: Plant,Rodent,Other Mammal,Primate,Composite Food,Deer,Marine Mammal,Shellfish,Dairy,Water,Bovine,Me at,Feline,Human,Laboratory,Amphibian,Air,Animal Feed,Canine,Equine,Camelid,Marsupial,Bat,Avian,Invertebrates,Not determined,Reptile,Soil/Dust,Fish,Ovine,Swine. Only reply with the category"
SAMN12039598,Human,Human,"Given the ncbi biosample information. Sample ID:SAMN12039598,collected_by:PHE,isolation_source:human,host:Homo sapiens. Assign the record to one of the following host categories: Fish,Marine Mammal,Shellfish,Canine,Feline,Air,Plant,Soil/Dust,Water,Animal Feed,Meat,Composite Food,Dairy,Fish,Meat,Shellfish,Human,Laboratory,Bovine,Camel id,Equine,Ovine,Swine,Avian,Amphibian,Avian,Bat,Bovine,Camelid,Canine,Deer,Equin e,Feline,Invertebrates,Marsupial,Other Mammal,Ovine,Primate,Reptile,Rodent,Swine,Not determined. Only reply with the category"
SAMN12142838,Poultry,Avian,"Given the ncbi biosample information. Sample ID:SAMN12142838,collected_by:USDA- FSIS,isolation_source:animal-chicken-young chicken. Assign the record to one of the following host categories: Plant,Rodent,Other Mammal,Primate,Composite Food,Deer,Marine Mammal,Shellfish,Dairy,Water,Bovine,Meat,Feline,Human,Laborator y,Amphibian,Air,Animal Feed,Canine,Equine,Camelid,Marsupial,Bat,Avian,Invertebrates,Not determined,Reptile,Soil/Dust,Fish,Ovine,Swine. Only reply with the category"
SAMN12559102,Human,Human,"Given the ncbi biosample information. Sample ID:SAMN12559102,collected_by:Sciensano,isolation_source:feces,host:Homo sapiens. Assign the record to one of the following host categories: Plant,Rodent,Other Mammal,Primate,Composite Food,Deer,Marine Mammal,Shellfish,Dairy,Water,Bovine,Me at,Feline,Human,Laboratory,Amphibian,Air,Animal Feed,Canine,Equine,Camelid,Marsupial,Bat,Avian,Invertebrates,Not determined,Reptile,Soil/Dust,Fish,Ovine,Swine. Only reply with the category"
SAMN12619246,ND/Others,Soil/Dust,"Given the ncbi biosample information. Sample ID:SAMN12619246,collected_by:Food Micro Lab, Kansas State University,isolation_source:environmental. Assign the record to one of the following host categories: Fish,Marine Mammal,Shellfish,Canine,Feline,Air,Plant,Soil/Dust,Water,Animal Feed,Meat,Composite Food,Dairy,Fish,Meat,Shellfish,Human,Laboratory,Bovine,Camel id,Equine,Ovine,Swine,Avian,Amphibian,Avian,Bat,Bovine,Camelid,Canine,Deer,Equin e,Feline,Invertebrates,Marsupial,Other Mammal,Ovine,Primate,Reptile,Rodent,Swine,Not determined. Only reply with the category"
SAMN13002717,Human,Human,"Given the ncbi biosample information. Sample ID:SAMN13002717,collected_by:PHE,isolation_source:human,host:Homo sapiens. Assign the record to one of the following host categories: Plant,Rodent,Other Mammal,Primate,Composite Food,Deer,Marine Mammal,Shellfish,Dairy,Water,Bovine,Me at,Feline,Human,Laboratory,Amphibian,Air,Animal Feed,Canine,Equine,Camelid,Marsupial,Bat,Avian,Invertebrates,Not determined,Reptile,Soil/Dust,Fish,Ovine,Swine. Only reply with the category"
SAMN13226643,Human,Human,"Given the ncbi biosample information. Sample ID:SAMN13226643,collected_by:PHE,isolation_source:human,host:Homo sapiens. Assign the record to one of the following host categories: Plant,Rodent,Other Mammal,Primate,Composite Food,Deer,Marine Mammal,Shellfish,Dairy,Water,Bovine,Me at,Feline,Human,Laboratory,Amphibian,Air,Animal Feed,Canine,Equine,Camelid,Marsupial,Bat,Avian,Invertebrates,Not determined,Reptile,Soil/Dust,Fish,Ovine,Swine. Only reply with the category"
SAMN13474150,Poultry,Avian,"Given the ncbi biosample information. Sample ID:SAMN13474150,collected_by:WIFSS UC Davis,isolation_source:whole chicken,attribute_package:environmental/food/other,ontological term:chicken whole:FOODON_00002732,IFSAC+ Category:chicken,source_type:food. Assign the record to one of the following host categories: Plant,Rodent,Other Mammal,Primate,Composite Food,Deer,Marine Mammal,Shellfish,Dairy,Water,Bovine,Me at,Feline,Human,Laboratory,Amphibian,Air,Animal Feed,Canine,Equine,Camelid,Marsupial,Bat,Avian,Invertebrates,Not determined,Reptile,Soil/Dust,Fish,Ovine,Swine. Only reply with the category"
SAMN13633133,Poultry,Avian,"Given the ncbi biosample information. Sample ID:SAMN13633133,collected_by:USDA- FSIS,isolation_source:chicken carcass. Assign the record to one of the following host categories: Plant,Rodent,Other Mammal,Primate,Composite Food,Deer,Marine Ma mmal,Shellfish,Dairy,Water,Bovine,Meat,Feline,Human,Laboratory,Amphibian,Air,Ani mal Feed,Canine,Equine,Camelid,Marsupial,Bat,Avian,Invertebrates,Not determined,Reptile,Soil/Dust,Fish,Ovine,Swine. Only reply with the category"
SAMN13696380,Human,Human,"Given the ncbi biosample information. Sample ID:SAMN13696380,collected_by:PHE,isolation_source:human,host:Homo sapiens. Assign the record to one of the following host categories: Plant,Rodent,Other Mammal,Primate,Composite Food,Deer,Marine Mammal,Shellfish,Dairy,Water,Bovine,Me at,Feline,Human,Laboratory,Amphibian,Air,Animal Feed,Canine,Equine,Camelid,Marsupial,Bat,Avian,Invertebrates,Not determined,Reptile,Soil/Dust,Fish,Ovine,Swine. Only reply with the category"
SAMN14079340,Poultry,Avian,"Given the ncbi biosample information. Sample ID:SAMN14079340,collected_by:USDA- FSIS,isolation_source:Comminuted Turkey. Assign the record to one of the following host categories: Fish,Marine Mammal,Shellfish,Canine,Feline,Air,Plant,Soil/Dust,Water,Animal Feed,Meat,Composite Food,Dairy,Fish,Meat,Shellfish,Human,Laboratory,Bovine,Camel id,Equine,Ovine,Swine,Avian,Amphibian,Avian,Bat,Bovine,Camelid,Canine,Deer,Equin e,Feline,Invertebrates,Marsupial,Other Mammal,Ovine,Primate,Reptile,Rodent,Swine,Not determined. Only reply with the category"
SAMN14220101,Human,Human,"Given the ncbi biosample information. Sample ID:SAMN14220101,collected_by:PHAC,isolation_source:stool,host:Homo sapiens,host_disease:gastroenteritis. Assign the record to one of the following host categories: Plant,Rodent,Other Mammal,Primate,Composite Food,Deer,Marine Ma mmal,Shellfish,Dairy,Water,Bovine,Meat,Feline,Human,Laboratory,Amphibian,Air,Ani mal Feed,Canine,Equine,Camelid,Marsupial,Bat,Avian,Invertebrates,Not determined,Reptile,Soil/Dust,Fish,Ovine,Swine. Only reply with the category"
SAMN14220233,Human,Human,"Given the ncbi biosample information. Sample ID:SAMN14220233,collected_by:PHAC,isolation_source:stool,host:Homo sapiens,host_disease:gastroenteritis. Assign the record to one of the following host categories: Fish,Marine Mammal,Shellfish,Canine,Feline,Air,Plant,Soil/Dust,Water,Animal Feed,Meat,Composite Food,Dairy,Fish,Meat,Shellfish,Human,Laboratory,Bovine,Camel id,Equine,Ovine,Swine,Avian,Amphibian,Avian,Bat,Bovine,Camelid,Canine,Deer,Equin e,Feline,Invertebrates,Marsupial,Other Mammal,Ovine,Primate,Reptile,Rodent,Swine,Not determined. Only reply with the category"
SAMN14220608,Human,Human,"Given the ncbi biosample information. Sample ID:SAMN14220608,collected_by:PHAC,isolation_source:stool,host:Homo sapiens,host_disease:gastroenteritis. Assign the record to one of the following host categories: Fish,Marine Mammal,Shellfish,Canine,Feline,Air,Plant,Soil/Dust,Water,Animal Feed,Meat,Composite Food,Dairy,Fish,Meat,Shellfish,Human,Laboratory,Bovine,Camel id,Equine,Ovine,Swine,Avian,Amphibian,Avian,Bat,Bovine,Camelid,Canine,Deer,Equin e,Feline,Invertebrates,Marsupial,Other Mammal,Ovine,Primate,Reptile,Rodent,Swine,Not determined. Only reply with the category"
SAMN14247654,Bovine,Bovine,"Given the ncbi biosample information. Sample ID:SAMN14247654,collected_by:PHAC,isolation_source:feces,host:Domestic Cattle. Assign the record to one of the following host categories: Plant,Rodent,Other Mammal,Primate,Composite Food,Deer,Marine Mammal,Shellfish,Dairy,Water,Bovine,Me at,Feline,Human,Laboratory,Amphibian,Air,Animal Feed,Canine,Equine,Camelid,Marsupial,Bat,Avian,Invertebrates,Not determined,Reptile,Soil/Dust,Fish,Ovine,Swine. Only reply with the category"
SAMN14539527,ND/Others,Swine,"Given the ncbi biosample information. Sample ID:SAMN14539527,collected_by:Konkuk university,isolation_source:Evisceration room of Slaughterhouse G. Assign the record to one of the following host categories: Plant,Rodent,Other Mammal,Primate,Composite Food,Deer,Marine Mammal,Shellfish,Dairy,Water,Bovine,Me at,Feline,Human,Laboratory,Amphibian,Air,Animal Feed,Canine,Equine,Camelid,Marsupial,Bat,Avian,Invertebrates,Not determined,Reptile,Soil/Dust,Fish,Ovine,Swine. Only reply with the category"
SAMN14898900,Swine,Swine,"Given the ncbi biosample information. Sample ID:SAMN14898900,collected_by:USDA- FSIS,isolation_source:Product-Raw-Ground, Comminuted or Otherwise Nonintact- Pork. Assign the record to one of the following host categories: Plant,Rodent,Other Mammal,Primate,Composite Food,Deer,Marine Mammal,Shellfish,Da iry,Water,Bovine,Meat,Feline,Human,Laboratory,Amphibian,Air,Animal Feed,Canine,Equine,Camelid,Marsupial,Bat,Avian,Invertebrates,Not determined,Reptile,Soil/Dust,Fish,Ovine,Swine. Only reply with the category"
SAMN16227050,Soil/Dust,Soil/Dust,"Given the ncbi biosample information. Sample ID:SAMN16227050,collected_by:FDA,isolation_source:sediment soil,attribute_package:environmental/food/other,ontological term:sediment:ENVO_00002007, soil:ENVO_00001998,IFSAC+ Category:environmental- water,source_type:environmental. Assign the record to one of the following host categories: Plant,Rodent,Other Mammal,Primate,Composite Food,Deer,Marine Mammal, Shellfish,Dairy,Water,Bovine,Meat,Feline,Human,Laboratory,Amphibian,Air,Animal Feed,Canine,Equine,Camelid,Marsupial,Bat,Avian,Invertebrates,Not determined,Reptile,Soil/Dust,Fish,Ovine,Swine. Only reply with the category"
SAMN17085989,Human,Human,"Given the ncbi biosample information. Sample ID:SAMN17085989,collected_by:PHAC,isolation_source:stool,host:Homo sapiens,host_disease:Gastroenteritis. Assign the record to one of the following host categories: Fish,Marine Mammal,Shellfish,Canine,Feline,Air,Plant,Soil/Dust,Water,Animal Feed,Meat,Composite Food,Dairy,Fish,Meat,Shellfish,Human,Laboratory,Bovine,Camel id,Equine,Ovine,Swine,Avian,Amphibian,Avian,Bat,Bovine,Camelid,Canine,Deer,Equin e,Feline,Invertebrates,Marsupial,Other Mammal,Ovine,Primate,Reptile,Rodent,Swine,Not determined. Only reply with the category"
SAMN17172368,Poultry,Avian,"Given the ncbi biosample information. Sample ID:SAMN17172368,collected_by:USDA- FSIS,isolation_source:chicken carcass. Assign the record to one of the following host categories: Plant,Rodent,Other Mammal,Primate,Composite Food,Deer,Marine Ma mmal,Shellfish,Dairy,Water,Bovine,Meat,Feline,Human,Laboratory,Amphibian,Air,Ani mal Feed,Canine,Equine,Camelid,Marsupial,Bat,Avian,Invertebrates,Not determined,Reptile,Soil/Dust,Fish,Ovine,Swine. Only reply with the category"
SAMN18142592,Human,Human,"Given the ncbi biosample information. Sample ID:SAMN18142592,collected_by:PHE,isolation_source:human,host:Homo sapiens. Assign the record to one of the following host categories: Fish,Marine Mammal,Shellfish,Canine,Feline,Air,Plant,Soil/Dust,Water,Animal Feed,Meat,Composite Food,Dairy,Fish,Meat,Shellfish,Human,Laboratory,Bovine,Camel id,Equine,Ovine,Swine,Avian,Amphibian,Avian,Bat,Bovine,Camelid,Canine,Deer,Equin e,Feline,Invertebrates,Marsupial,Other Mammal,Ovine,Primate,Reptile,Rodent,Swine,Not determined. Only reply with the category"
SAMN18617290,Human,Human,"Given the ncbi biosample information. Sample ID:SAMN18617290,host:Homo sapiens,host_disease:Salmonellosis. Assign the record to one of the following host categories: Fish,Marine Mammal,Shellfish,Canine,Feline,Air,Plant,Soil/Dust,Water,Animal Feed,Meat,Composite Food,Dairy,Fish,Meat,Shellfish,Human,Laboratory,Bovine,Camel id,Equine,Ovine,Swine,Avian,Amphibian,Avian,Bat,Bovine,Camelid,Canine,Deer,Equin e,Feline,Invertebrates,Marsupial,Other Mammal,Ovine,Primate,Reptile,Rodent,Swine,Not determined. Only reply with the category"
SAMN18617407,Human,Human,"Given the ncbi biosample information. Sample ID:SAMN18617407,host:Homo sapiens,host_disease:Salmonellosis. Assign the record to one of the following host categories: Fish,Marine Mammal,Shellfish,Canine,Feline,Air,Plant,Soil/Dust,Water,Animal Feed,Meat,Composite Food,Dairy,Fish,Meat,Shellfish,Human,Laboratory,Bovine,Camel id,Equine,Ovine,Swine,Avian,Amphibian,Avian,Bat,Bovine,Camelid,Canine,Deer,Equin e,Feline,Invertebrates,Marsupial,Other Mammal,Ovine,Primate,Reptile,Rodent,Swine,Not determined. Only reply with the category"
SAMN18618242,Human,Human,"Given the ncbi biosample information. Sample ID:SAMN18618242,host:Homo sapiens,host_disease:Salmonellosis. Assign the record to one of the following host categories: Fish,Marine Mammal,Shellfish,Canine,Feline,Air,Plant,Soil/Dust,Water,Animal Feed,Meat,Composite Food,Dairy,Fish,Meat,Shellfish,Human,Laboratory,Bovine,Camel id,Equine,Ovine,Swine,Avian,Amphibian,Avian,Bat,Bovine,Camelid,Canine,Deer,Equin e,Feline,Invertebrates,Marsupial,Other Mammal,Ovine,Primate,Reptile,Rodent,Swine,Not determined. Only reply with the category"
SAMN18683410,Poultry,Avian,"Given the ncbi biosample information. Sample ID:SAMN18683410,collected_by:USDA- FSIS,isolation_source:raw intact chicken. Assign the record to one of the following host categories: Fish,Marine Mammal,Shellfish,Canine,Feline,Air,Plant,Soil/Dust,Water,Animal Feed,Meat,Composite Food,Dairy,Fish,Meat,Shellfish,Human,Laboratory,Bovine,Camel id,Equine,Ovine,Swine,Avian,Amphibian,Avian,Bat,Bovine,Camelid,Canine,Deer,Equin e,Feline,Invertebrates,Marsupial,Other Mammal,Ovine,Primate,Reptile,Rodent,Swine,Not determined. Only reply with the category"
SAMN18742864,Human,Human,"Given the ncbi biosample information. Sample ID:SAMN18742864,collected_by:PHAC,isolation_source:stool,host:Homo sapiens,host_disease:Gastroenteritis. Assign the record to one of the following host categories: Fish,Marine Mammal,Shellfish,Canine,Feline,Air,Plant,Soil/Dust,Water,Animal Feed,Meat,Composite Food,Dairy,Fish,Meat,Shellfish,Human,Laboratory,Bovine,Camel id,Equine,Ovine,Swine,Avian,Amphibian,Avian,Bat,Bovine,Camelid,Canine,Deer,Equin e,Feline,Invertebrates,Marsupial,Other Mammal,Ovine,Primate,Reptile,Rodent,Swine,Not determined. Only reply with the category"
SAMN18742881,Human,Human,"Given the ncbi biosample information. Sample ID:SAMN18742881,collected_by:PHAC,isolation_source:stool,host:Homo sapiens,host_disease:Gastroenteritis. Assign the record to one of the following host categories: Plant,Rodent,Other Mammal,Primate,Composite Food,Deer,Marine Ma mmal,Shellfish,Dairy,Water,Bovine,Meat,Feline,Human,Laboratory,Amphibian,Air,Ani mal Feed,Canine,Equine,Camelid,Marsupial,Bat,Avian,Invertebrates,Not determined,Reptile,Soil/Dust,Fish,Ovine,Swine. Only reply with the category"
SAMN19006489,Human,Human,"Given the ncbi biosample information. Sample ID:SAMN19006489,collected_by:PHAC,host:Homo sapiens. Assign the record to one of the following host categories: Plant,Rodent,Other Mammal,Primate,Composite Food,Deer,Marine Mammal,Shellfish,Dairy,Water,Bovine,Meat,Feline,Human,Laborator y,Amphibian,Air,Animal Feed,Canine,Equine,Camelid,Marsupial,Bat,Avian,Invertebrates,Not determined,Reptile,Soil/Dust,Fish,Ovine,Swine. Only reply with the category"
SAMN19011539,Avian,Avian,"Given the ncbi biosample information. Sample ID:SAMN19011539,collected_by:National Wildlife Health Center,isolation_source:American white pelican (Pelecanus erythrorhynchos),attribute_package:environmental/food/other,ontological term:pelecanus erythrorhynchos:ncbitaxon_33618,IFSAC+ Category:avian,source_type:animal. Assign the record to one of the following host categories: Plant,Rodent,Other Mammal,Primate,Composite Food,Deer,Marine Ma mmal,Shellfish,Dairy,Water,Bovine,Meat,Feline,Human,Laboratory,Amphibian,Air,Ani mal Feed,Canine,Equine,Camelid,Marsupial,Bat,Avian,Invertebrates,Not determined,Reptile,Soil/Dust,Fish,Ovine,Swine. Only reply with the category"
SAMN19300031,Human,Human,"Given the ncbi biosample information. Sample ID:SAMN19300031,collected_by:PHE,isolation_source:human,host:Homo sapiens. Assign the record to one of the following host categories: Plant,Rodent,Other Mammal,Primate,Composite Food,Deer,Marine Mammal,Shellfish,Dairy,Water,Bovine,Me at,Feline,Human,Laboratory,Amphibian,Air,Animal Feed,Canine,Equine,Camelid,Marsupial,Bat,Avian,Invertebrates,Not determined,Reptile,Soil/Dust,Fish,Ovine,Swine. Only reply with the category"
SAMN19731385,Soil/Dust,Soil/Dust,"Given the ncbi biosample information. Sample ID:SAMN19731385,collected_by:North Carolina State University | College of Veterinary Medicine | Cray Laboratory,iso lation_source:soil,attribute_package:environmental/food/other,ontological term:soil:envo_00001998,IFSAC+ Category:environmental,source_type:environmental. Assign the record to one of the following host categories: Fish,Marine Mammal,Shellfish,Canine,Feline,Air,Plant,Soil/Dust,Water,Animal Feed,Meat,Composite Food,Dairy,Fish,Meat,Shellfish,Human,Laboratory,Bovine,Camel id,Equine,Ovine,Swine,Avian,Amphibian,Avian,Bat,Bovine,Camelid,Canine,Deer,Equin e,Feline,Invertebrates,Marsupial,Other Mammal,Ovine,Primate,Reptile,Rodent,Swine,Not determined. Only reply with the category"
SAMN19842110,Human,Human,"Given the ncbi biosample information. Sample ID:SAMN19842110,collected_by:ESR,isolation_source:clinical,host:Homo sapiens,host_disease:salmonella gastroenteritis. Assign the record to one of the following host categories: Plant,Rodent,Other Mammal,Primate,Composite Food,Deer,Marine Mammal,Shellfish,Dairy,Water,Bovine,Meat,Feline,Human,Laborator y,Amphibian,Air,Animal Feed,Canine,Equine,Camelid,Marsupial,Bat,Avian,Invertebrates,Not determined,Reptile,Soil/Dust,Fish,Ovine,Swine. Only reply with the category"
SAMN21390249,Human,Human,"Given the ncbi biosample information. Sample ID:SAMN21390249,collected_by:PHE,isolation_source:human,host:Homo sapiens. Assign the record to one of the following host categories: Fish,Marine Mammal,Shellfish,Canine,Feline,Air,Plant,Soil/Dust,Water,Animal Feed,Meat,Composite Food,Dairy,Fish,Meat,Shellfish,Human,Laboratory,Bovine,Camel id,Equine,Ovine,Swine,Avian,Amphibian,Avian,Bat,Bovine,Camelid,Canine,Deer,Equin e,Feline,Invertebrates,Marsupial,Other Mammal,Ovine,Primate,Reptile,Rodent,Swine,Not determined. Only reply with the category"
SAMN22226033,Poultry,Avian,"Given the ncbi biosample information. Sample ID:SAMN22226033,collected_by:USDA- FSIS,isolation_source:comminuted chicken. Assign the record to one of the following host categories: Plant,Rodent,Other Mammal,Primate,Composite Food,Deer,Marine Mammal,Shellfish,Dairy,Water,Bovine,Meat,Feline,Human,Laborator y,Amphibian,Air,Animal Feed,Canine,Equine,Camelid,Marsupial,Bat,Avian,Invertebrates,Not determined,Reptile,Soil/Dust,Fish,Ovine,Swine. Only reply with the category"
SAMN25375041,Swine,Swine,"Given the ncbi biosample information. Sample ID:SAMN25375041,collected_by:USDA- FSIS,isolation_source:Animal-Swine-Sow (cecal). Assign the record to one of the following host categories: Plant,Rodent,Other Mammal,Primate,Composite Food,Deer,Marine Mammal,Shellfish,Dairy,Water,Bovine,Meat,Feline,Human,Laborator y,Amphibian,Air,Animal Feed,Canine,Equine,Camelid,Marsupial,Bat,Avian,Invertebrates,Not determined,Reptile,Soil/Dust,Fish,Ovine,Swine. Only reply with the category"
SAMN25706225,Bovine,Bovine,"Given the ncbi biosample information. Sample ID:SAMN25706225,collected_by:USDA- FSIS,isolation_source:Animal-Cattle-Heifer (cecal). Assign the record to one of the following host categories: Plant,Rodent,Other Mammal,Primate,Composite Food,Deer,Marine Mammal,Shellfish,Dairy,Water,Bovine,Meat,Feline,Human,Laborator y,Amphibian,Air,Animal Feed,Canine,Equine,Camelid,Marsupial,Bat,Avian,Invertebrates,Not determined,Reptile,Soil/Dust,Fish,Ovine,Swine. Only reply with the category"
SAMN26084912,Poultry,Avian,"Given the ncbi biosample information. Sample ID:SAMN26084912,collected_by:USDA- FSIS,isolation_source:comminuted chicken. Assign the record to one of the following host categories: Fish,Marine Mammal,Shellfish,Canine,Feline,Air,Plant,Soil/Dust,Water,Animal Feed,Meat,Composite Food,Dairy,Fish,Meat,Shellfish,Human,Laboratory,Bovine,Camel id,Equine,Ovine,Swine,Avian,Amphibian,Avian,Bat,Bovine,Camelid,Canine,Deer,Equin e,Feline,Invertebrates,Marsupial,Other Mammal,Ovine,Primate,Reptile,Rodent,Swine,Not determined. Only reply with the category"
SAMN26175401,Poultry,Avian,"Given the ncbi biosample information. Sample ID:SAMN26175401,collected_by:USDA- FSIS,isolation_source:Comminuted Turkey. Assign the record to one of the following host categories: Plant,Rodent,Other Mammal,Primate,Composite Food,Deer,Marine Mammal,Shellfish,Dairy,Water,Bovine,Meat,Feline,Human,Laborator y,Amphibian,Air,Animal Feed,Canine,Equine,Camelid,Marsupial,Bat,Avian,Invertebrates,Not determined,Reptile,Soil/Dust,Fish,Ovine,Swine. Only reply with the category"
SAMN26198782,Shellfish,Shellfish,"Given the ncbi biosample information. Sample ID:SAMN26198782,collected_by:CVM,isolation_source:SHRIMP (SH). Assign the record to one of the following host categories: Fish,Marine Mammal,Shellfish,Canine,Feline,Air,Plant,Soil/Dust,Water,Animal Feed,Meat,Composite Food,Dairy,Fish,Meat,Shellfish,Human,Laboratory,Bovine,Camel id,Equine,Ovine,Swine,Avian,Amphibian,Avian,Bat,Bovine,Camelid,Canine,Deer,Equin e,Feline,Invertebrates,Marsupial,Other Mammal,Ovine,Primate,Reptile,Rodent,Swine,Not determined. Only reply with the category"
SAMN26554974,Bovine,Meat,"Given the ncbi biosample information. Sample ID:SAMN26554974,collected_by:USDA- FSIS,isolation_source:product-raw-intact-beef. Assign the record to one of the following host categories: Fish,Marine Mammal,Shellfish,Canine,Feline,Air,Plant,Soil/Dust,Water,Animal Feed,Meat,Composite Food,Dairy,Fish,Meat,Shellfish,Human,Laboratory,Bovine,Camel id,Equine,Ovine,Swine,Avian,Amphibian,Avian,Bat,Bovine,Camelid,Canine,Deer,Equin e,Feline,Invertebrates,Marsupial,Other Mammal,Ovine,Primate,Reptile,Rodent,Swine,Not determined. Only reply with the category"
SAMN26583189,Poultry,Avian,"Given the ncbi biosample information. Sample ID:SAMN26583189,collected_by:USDA- FSIS,isolation_source:chicken carcass. Assign the record to one of the following host categories: Plant,Rodent,Other Mammal,Primate,Composite Food,Deer,Marine Ma mmal,Shellfish,Dairy,Water,Bovine,Meat,Feline,Human,Laboratory,Amphibian,Air,Ani mal Feed,Canine,Equine,Camelid,Marsupial,Bat,Avian,Invertebrates,Not determined,Reptile,Soil/Dust,Fish,Ovine,Swine. Only reply with the category"
SAMN26746848,Human,Human,"Given the ncbi biosample information. Sample ID:SAMN26746848,collected_by:PHAC,isolation_source:stool,host:Homo sapiens,host_disease:Gastroenteritis. Assign the record to one of the following host categories: Fish,Marine Mammal,Shellfish,Canine,Feline,Air,Plant,Soil/Dust,Water,Animal Feed,Meat,Composite Food,Dairy,Fish,Meat,Shellfish,Human,Laboratory,Bovine,Camel id,Equine,Ovine,Swine,Avian,Amphibian,Avian,Bat,Bovine,Camelid,Canine,Deer,Equin e,Feline,Invertebrates,Marsupial,Other Mammal,Ovine,Primate,Reptile,Rodent,Swine,Not determined. Only reply with the category"
SAMN26795872,Human,Human,"Given the ncbi biosample information. Sample ID:SAMN26795872,collected_by:PHAC,isolation_source:stool,host:Homo sapiens,host_disease:Gastroenteritis. Assign the record to one of the following host categories: Fish,Marine Mammal,Shellfish,Canine,Feline,Air,Plant,Soil/Dust,Water,Animal Feed,Meat,Composite Food,Dairy,Fish,Meat,Shellfish,Human,Laboratory,Bovine,Camel id,Equine,Ovine,Swine,Avian,Amphibian,Avian,Bat,Bovine,Camelid,Canine,Deer,Equin e,Feline,Invertebrates,Marsupial,Other Mammal,Ovine,Primate,Reptile,Rodent,Swine,Not determined. Only reply with the category"
SAMN26850905,Human,Human,"Given the ncbi biosample information. Sample ID:SAMN26850905,collected_by:PHAC,isolation_source:stool,host:Homo sapiens,host_disease:Gastroenteritis. Assign the record to one of the following host categories: Fish,Marine Mammal,Shellfish,Canine,Feline,Air,Plant,Soil/Dust,Water,Animal Feed,Meat,Composite Food,Dairy,Fish,Meat,Shellfish,Human,Laboratory,Bovine,Camel id,Equine,Ovine,Swine,Avian,Amphibian,Avian,Bat,Bovine,Camelid,Canine,Deer,Equin e,Feline,Invertebrates,Marsupial,Other Mammal,Ovine,Primate,Reptile,Rodent,Swine,Not determined. Only reply with the category"
SAMN27022682,Poultry,Avian,"Given the ncbi biosample information. Sample ID:SAMN27022682,collected_by:USDA- FSIS,isolation_source:raw intact chicken. Assign the record to one of the following host categories: Plant,Rodent,Other Mammal,Primate,Composite Food,Deer,Marine Mammal,Shellfish,Dairy,Water,Bovine,Meat,Feline,Human,Laborator y,Amphibian,Air,Animal Feed,Canine,Equine,Camelid,Marsupial,Bat,Avian,Invertebrates,Not determined,Reptile,Soil/Dust,Fish,Ovine,Swine. Only reply with the category"
SAMN27058332,Water/River,Water,"Given the ncbi biosample information. Sample ID:SAMN27058332,collected_by:DMPSP- FMVZ-UNAM,isolation_source:river,attribute_package:environmental/food/other,onto logical term:river:ENVO_00000022,IFSAC+ Category:environmental- water,source_type:environmental. Assign the record to one of the following host categories: Plant,Rodent,Other Mammal,Primate,Composite Food,Deer,Marine Mammal, Shellfish,Dairy,Water,Bovine,Meat,Feline,Human,Laboratory,Amphibian,Air,Animal Feed,Canine,Equine,Camelid,Marsupial,Bat,Avian,Invertebrates,Not determined,Reptile,Soil/Dust,Fish,Ovine,Swine. Only reply with the category"
SAMN27579017,Poultry,Avian,"Given the ncbi biosample information. Sample ID:SAMN27579017,collected_by:USDA- FSIS,isolation_source:raw intact chicken. Assign the record to one of the following host categories: Plant,Rodent,Other Mammal,Primate,Composite Food,Deer,Marine Mammal,Shellfish,Dairy,Water,Bovine,Meat,Feline,Human,Laborator y,Amphibian,Air,Animal Feed,Canine,Equine,Camelid,Marsupial,Bat,Avian,Invertebrates,Not determined,Reptile,Soil/Dust,Fish,Ovine,Swine. Only reply with the category"
SAMN28093256,Swine,Swine,"Given the ncbi biosample information. Sample ID:SAMN28093256,collected_by:USDA- FSIS,isolation_source:Product-Raw-Ground, Comminuted or Otherwise Nonintact- Pork. Assign the record to one of the following host categories: Plant,Rodent,Other Mammal,Primate,Composite Food,Deer,Marine Mammal,Shellfish,Da iry,Water,Bovine,Meat,Feline,Human,Laboratory,Amphibian,Air,Animal Feed,Canine,Equine,Camelid,Marsupial,Bat,Avian,Invertebrates,Not determined,Reptile,Soil/Dust,Fish,Ovine,Swine. Only reply with the category"
SAMN28861682,Human,Human,"Given the ncbi biosample information. Sample ID:SAMN28861682,collected_by:PHE,isolation_source:human,host:Homo sapiens. Assign the record to one of the following host categories: Plant,Rodent,Other Mammal,Primate,Composite Food,Deer,Marine Mammal,Shellfish,Dairy,Water,Bovine,Me at,Feline,Human,Laboratory,Amphibian,Air,Animal Feed,Canine,Equine,Camelid,Marsupial,Bat,Avian,Invertebrates,Not determined,Reptile,Soil/Dust,Fish,Ovine,Swine. Only reply with the category"
SAMN29269648,Swine,Swine,"Given the ncbi biosample information. Sample ID:SAMN29269648,collected_by:USDA- FSIS,isolation_source:Product-Raw-Ground, Comminuted or Otherwise Nonintact- Pork. Assign the record to one of the following host categories: Fish,Marine Mammal,Shellfish,Canine,Feline,Air,Plant,Soil/Dust,Water,Animal Feed,Meat,Composite Food,Dairy,Fish,Meat,Shellfish,Human,Laboratory,Bovine,Camel id,Equine,Ovine,Swine,Avian,Amphibian,Avian,Bat,Bovine,Camelid,Canine,Deer,Equin e,Feline,Invertebrates,Marsupial,Other Mammal,Ovine,Primate,Reptile,Rodent,Swine,Not determined. Only reply with the category"
SAMN29334655,Water/River,Water,"Given the ncbi biosample information. Sample ID:SAMN29334655,collected_by:Federal University of Rio de Janeiro|Laboratory of Investigation in Medical Microbiology,isolation_source:fresh water stream,attribute_package:environmental/food/other,ontological term:fresh water:ENVO_00002011| stream:ENVO_00000023,IFSAC+ Category:environmental- water,source_type:environmental. Assign the record to one of the following host categories: Fish,Marine Mammal,Shellfish,Canine,Feline,Air,Plant,Soil/Dust,Water,Animal Feed,Meat,Composite Food,Dairy,Fish,Meat,Shellfish,Human,Laboratory,Bovine,Camel id,Equine,Ovine,Swine,Avian,Amphibian,Avian,Bat,Bovine,Camelid,Canine,Deer,Equin e,Feline,Invertebrates,Marsupial,Other Mammal,Ovine,Primate,Reptile,Rodent,Swine,Not determined. Only reply with the category"
SAMN29511406,Swine,Swine,"Given the ncbi biosample information. Sample ID:SAMN29511406,collected_by:USDA- FSIS,isolation_source:Product-Raw-Ground, Comminuted or Otherwise Nonintact- Pork. Assign the record to one of the following host categories: Fish,Marine Mammal,Shellfish,Canine,Feline,Air,Plant,Soil/Dust,Water,Animal Feed,Meat,Composite Food,Dairy,Fish,Meat,Shellfish,Human,Laboratory,Bovine,Camel id,Equine,Ovine,Swine,Avian,Amphibian,Avian,Bat,Bovine,Camelid,Canine,Deer,Equin e,Feline,Invertebrates,Marsupial,Other Mammal,Ovine,Primate,Reptile,Rodent,Swine,Not determined. Only reply with the category"
SAMN29878139,Human,Human,"Given the ncbi biosample information. Sample ID:SAMN29878139,collected_by:PHE,isolation_source:human,host:Homo sapiens. Assign the record to one of the following host categories: Fish,Marine Mammal,Shellfish,Canine,Feline,Air,Plant,Soil/Dust,Water,Animal Feed,Meat,Composite Food,Dairy,Fish,Meat,Shellfish,Human,Laboratory,Bovine,Camel id,Equine,Ovine,Swine,Avian,Amphibian,Avian,Bat,Bovine,Camelid,Canine,Deer,Equin e,Feline,Invertebrates,Marsupial,Other Mammal,Ovine,Primate,Reptile,Rodent,Swine,Not determined. Only reply with the category"
SAMN30410579,Bovine,Bovine,"Given the ncbi biosample information. Sample ID:SAMN30410579,collected_by:USDA- FSIS,isolation_source:Animal-Cattle-Heifer (cecal). Assign the record to one of the following host categories: Plant,Rodent,Other Mammal,Primate,Composite Food,Deer,Marine Mammal,Shellfish,Dairy,Water,Bovine,Meat,Feline,Human,Laborator y,Amphibian,Air,Animal Feed,Canine,Equine,Camelid,Marsupial,Bat,Avian,Invertebrates,Not determined,Reptile,Soil/Dust,Fish,Ovine,Swine. Only reply with the category"
SAMN30415437,Human,Human,"Given the ncbi biosample information. Sample ID:SAMN30415437,collected_by:PHE,isolation_source:human,host:Homo sapiens. Assign the record to one of the following host categories: Fish,Marine Mammal,Shellfish,Canine,Feline,Air,Plant,Soil/Dust,Water,Animal Feed,Meat,Composite Food,Dairy,Fish,Meat,Shellfish,Human,Laboratory,Bovine,Camel id,Equine,Ovine,Swine,Avian,Amphibian,Avian,Bat,Bovine,Camelid,Canine,Deer,Equin e,Feline,Invertebrates,Marsupial,Other Mammal,Ovine,Primate,Reptile,Rodent,Swine,Not determined. Only reply with the category"
SAMN30814036,Water/River,Water,"Given the ncbi biosample information. Sample ID:SAMN30814036,collected_by:DMPSP- FMVZ-UNAM,isolation_source:Pond,attribute_package:environmental/food/other,ontol ogical term:pond:ENVO_00000033,IFSAC+ Category:environmental- water,source_type:environmental. Assign the record to one of the following host categories: Fish,Marine Mammal,Shellfish,Canine,Feline,Air,Plant,Soil/Dust,Water,Animal Feed,Meat,Composite Food,Dairy,Fish,Meat,Shellfish,Human,Laboratory,Bovine,Camel id,Equine,Ovine,Swine,Avian,Amphibian,Avian,Bat,Bovine,Camelid,Canine,Deer,Equin e,Feline,Invertebrates,Marsupial,Other Mammal,Ovine,Primate,Reptile,Rodent,Swine,Not determined. Only reply with the category"
SAMN31581196,Water/River,Water,"Given the ncbi biosample information. Sample ID:SAMN31581196,collected_by:Federal University of Rio de Janeiro|Laboratory of Investigation in Medical Microbiology,isolation_source:fresh water stream,attribute_package:environmental/food/other,ontological term:fresh water:ENVO_00002011| stream:ENVO_00000023,IFSAC+ Category:environmental- water,source_type:environmental. Assign the record to one of the following host categories: Fish,Marine Mammal,Shellfish,Canine,Feline,Air,Plant,Soil/Dust,Water,Animal Feed,Meat,Composite Food,Dairy,Fish,Meat,Shellfish,Human,Laboratory,Bovine,Camel id,Equine,Ovine,Swine,Avian,Amphibian,Avian,Bat,Bovine,Camelid,Canine,Deer,Equin e,Feline,Invertebrates,Marsupial,Other Mammal,Ovine,Primate,Reptile,Rodent,Swine,Not determined. Only reply with the category"
SAMN31581331,Water/River,Water,"Given the ncbi biosample information. Sample ID:SAMN31581331,collected_by:DMPSP- FMVZ-UNAM,isolation_source:river,attribute_package:environmental/food/other,onto logical term:river:ENVO_00000022,IFSAC+ Category:environmental- water,source_type:environmental. Assign the record to one of the following host categories: Plant,Rodent,Other Mammal,Primate,Composite Food,Deer,Marine Mammal, Shellfish,Dairy,Water,Bovine,Meat,Feline,Human,Laboratory,Amphibian,Air,Animal Feed,Canine,Equine,Camelid,Marsupial,Bat,Avian,Invertebrates,Not determined,Reptile,Soil/Dust,Fish,Ovine,Swine. Only reply with the category"
SAMN31775933,Human,Human,"Given the ncbi biosample information. Sample ID:SAMN31775933,collected_by:PHE,isolation_source:human,host:Homo sapiens. Assign the record to one of the following host categories: Plant,Rodent,Other Mammal,Primate,Composite Food,Deer,Marine Mammal,Shellfish,Dairy,Water,Bovine,Me at,Feline,Human,Laboratory,Amphibian,Air,Animal Feed,Canine,Equine,Camelid,Marsupial,Bat,Avian,Invertebrates,Not determined,Reptile,Soil/Dust,Fish,Ovine,Swine. Only reply with the category"
SAMN31792631,Bovine,Bovine,"Given the ncbi biosample information. Sample ID:SAMN31792631,collected_by:USDA- FSIS,isolation_source:product-raw-intact-beef. Assign the record to one of the following host categories: Plant,Rodent,Other Mammal,Primate,Composite Food,Deer,Marine Mammal,Shellfish,Dairy,Water,Bovine,Meat,Feline,Human,Laborator y,Amphibian,Air,Animal Feed,Canine,Equine,Camelid,Marsupial,Bat,Avian,Invertebrates,Not determined,Reptile,Soil/Dust,Fish,Ovine,Swine. Only reply with the category"
SAMN33326136,Poultry,Avian,"Given the ncbi biosample information. Sample ID:SAMN33326136,collected_by:UAQ,isolation_source:chicken. Assign the record to one of the following host categories: Plant,Rodent,Other Mammal,Primate,Composite Food,Deer,Marine Mammal,Shellfish,Dairy,Water,Bovine,Me at,Feline,Human,Laboratory,Amphibian,Air,Animal Feed,Canine,Equine,Camelid,Marsupial,Bat,Avian,Invertebrates,Not determined,Reptile,Soil/Dust,Fish,Ovine,Swine. Only reply with the category"
SAMN33579233,Bovine,Bovine,"Given the ncbi biosample information. Sample ID:SAMN33579233,collected_by:USDA- FSIS,isolation_source:Animal-Cattle-Dairy Cow (cecal). Assign the record to one of the following host categories: Fish,Marine Mammal,Shellfish,Canine,Feline,Air,Plant,Soil/Dust,Water,Animal Feed,Meat,Composite Food,Dairy,Fish,Meat,Shellfish,Human,Laboratory,Bovine,Camel id,Equine,Ovine,Swine,Avian,Amphibian,Avian,Bat,Bovine,Camelid,Canine,Deer,Equin e,Feline,Invertebrates,Marsupial,Other Mammal,Ovine,Primate,Reptile,Rodent,Swine,Not determined. Only reply with the category"
SAMN33690117,Human,Human,"Given the ncbi biosample information. Sample ID:SAMN33690117,collected_by:MDU PHL,host:Homo sapiens,host_tissue_sampled:FAECES. Assign the record to one of the following host categories: Fish,Marine Mammal,Shellfish,Canine,Feline,Air,Plant,Soil/Dust,Water,Animal Feed,Meat,Composite Food,Dairy,Fish,Meat,Shellfish,Human,Laboratory,Bovine,Camel id,Equine,Ovine,Swine,Avian,Amphibian,Avian,Bat,Bovine,Camelid,Canine,Deer,Equin e,Feline,Invertebrates,Marsupial,Other Mammal,Ovine,Primate,Reptile,Rodent,Swine,Not determined. Only reply with the category"
SAMN33690126,Human,Human,"Given the ncbi biosample information. Sample ID:SAMN33690126,collected_by:MDU PHL,host:Homo sapiens,host_tissue_sampled:FAECES. Assign the record to one of the following host categories: Plant,Rodent,Other Mammal,Primate,Composite Food,Deer,Marine Mammal,Shellfish,Dairy,Water,Bovine,Meat,Feline,Human,Laborator y,Amphibian,Air,Animal Feed,Canine,Equine,Camelid,Marsupial,Bat,Avian,Invertebrates,Not determined,Reptile,Soil/Dust,Fish,Ovine,Swine. Only reply with the category"
SAMN33690588,Human,Soil/Dust,"Given the ncbi biosample information. Sample ID:SAMN33690588,collected_by:MDU PHL,host:Homo sapiens,host_tissue_sampled:FAECES. Assign the record to one of the following host categories: Fish,Marine Mammal,Shellfish,Canine,Feline,Air,Plant,Soil/Dust,Water,Animal Feed,Meat,Composite Food,Dairy,Fish,Meat,Shellfish,Human,Laboratory,Bovine,Camel id,Equine,Ovine,Swine,Avian,Amphibian,Avian,Bat,Bovine,Camelid,Canine,Deer,Equin e,Feline,Invertebrates,Marsupial,Other Mammal,Ovine,Primate,Reptile,Rodent,Swine,Not determined. Only reply with the category"
SAMN33691412,Human,Human,"Given the ncbi biosample information. Sample ID:SAMN33691412,collected_by:MDU PHL,host:Homo sapiens,host_tissue_sampled:FAECES. Assign the record to one of the following host categories: Plant,Rodent,Other Mammal,Primate,Composite Food,Deer,Marine Mammal,Shellfish,Dairy,Water,Bovine,Meat,Feline,Human,Laborator y,Amphibian,Air,Animal Feed,Canine,Equine,Camelid,Marsupial,Bat,Avian,Invertebrates,Not determined,Reptile,Soil/Dust,Fish,Ovine,Swine. Only reply with the category"
SAMN35713601,Poultry,Avian,"Given the ncbi biosample information. Sample ID:SAMN35713601,collected_by:USDA- FSIS,isolation_source:raw intact chicken. Assign the record to one of the following host categories: Plant,Rodent,Other Mammal,Primate,Composite Food,Deer,Marine Mammal,Shellfish,Dairy,Water,Bovine,Meat,Feline,Human,Laborator y,Amphibian,Air,Animal Feed,Canine,Equine,Camelid,Marsupial,Bat,Avian,Invertebrates,Not determined,Reptile,Soil/Dust,Fish,Ovine,Swine. Only reply with the category"
